,Time(s),Speed(RPM),Torque(Nm),FuelConsumption
0,0.0,0.0,0.0,0.5693
1,0.5,0.0,0.0,0.5693
2,1.0,0.0,0.0,0.5693
3,1.5,0.0,0.0,0.5693
4,2.0,0.0,0.0,0.5693
5,2.5,0.0,0.0,0.5693
6,3.0,0.0,0.0,0.5693
7,3.5,0.0,0.0,0.5693
8,4.0,0.0,0.0,0.5693
9,4.5,0.0,0.0,0.5693
10,5.0,0.0,0.0,0.5693
11,5.5,0.0,0.0,0.5693
12,6.0,0.0,0.0,0.5693
13,6.5,0.0,0.0,0.5693
14,7.0,0.0,0.0,0.5693
15,7.5,0.0,0.0,0.5693
16,8.0,0.0,0.0,0.5693
17,8.5,0.0,0.0,0.5693
18,9.0,0.0,0.0,0.5693
19,9.5,0.0,0.0,0.5693
20,10.0,0.0,0.0,0.5693
21,10.5,0.0,0.0,0.5693
22,11.0,0.0,0.0,0.5693
23,11.5,125.3297809,73.08357584,0.2925
24,12.0,250.6595619,73.0969915,0.2925
25,12.5,375.9893428,73.11935093,0.2925
26,13.0,501.3191237,73.15065413,0.2925
27,13.5,626.6489047,73.1909011,0.2925
28,14.0,751.9786856,73.24009184,0.2925
29,14.5,877.3084665,73.29822635,0.2925
30,15.0,1002.638247,73.36530464,0.2925
31,15.5,1002.638247,7.611470158,0.1513
32,16.0,1002.638247,7.611470158,0.1513
33,16.5,1002.638247,7.611470158,0.1513
34,17.0,1002.638247,7.611470158,0.1513
35,17.5,1002.638247,7.611470158,0.1513
36,18.0,1002.638247,7.611470158,0.1513
37,18.5,1002.638247,7.611470158,0.1513
38,19.0,1002.638247,7.611470158,0.1513
39,19.5,1002.638247,7.611470158,0.1513
40,20.0,1002.638247,7.611470158,0.1513
41,20.5,1002.638247,7.611470158,0.1513
42,21.0,1002.638247,7.611470158,0.1513
43,21.5,1002.638247,7.611470158,0.1513
44,22.0,1002.638247,7.611470158,0.1513
45,22.5,1002.638247,7.611470158,0.1513
46,23.0,1002.638247,7.611470158,0.1513
47,23.5,902.3744227,-45.04597555,0.1513
48,24.0,802.110598,-45.09462967,0.1513
49,24.5,701.8467732,-45.13755977,0.1513
50,25.0,601.5829485,-45.17476586,0.1513
51,25.5,501.3191237,-45.20624793,0.1513
52,26.0,401.055299,-45.232006,0.1513
53,26.5,300.7914742,-45.25204004,0.1513
54,27.0,200.5276495,-45.26635008,0.1513
55,27.5,100.2638247,-45.2749361,0.1513
56,28.0,0.0,0.0,0.5693
57,28.5,0.0,0.0,0.5693
58,29.0,0.0,0.0,0.5693
59,29.5,0.0,0.0,0.5693
60,30.0,0.0,0.0,0.5693
61,30.5,0.0,0.0,0.5693
62,31.0,0.0,0.0,0.5693
63,31.5,0.0,0.0,0.5693
64,32.0,0.0,0.0,0.5693
65,32.5,0.0,0.0,0.5693
66,33.0,0.0,0.0,0.5693
67,33.5,0.0,0.0,0.5693
68,34.0,0.0,0.0,0.5693
69,34.5,0.0,0.0,0.5693
70,35.0,0.0,0.0,0.5693
71,35.5,0.0,0.0,0.5693
72,36.0,0.0,0.0,0.5693
73,36.5,0.0,0.0,0.5693
74,37.0,0.0,0.0,0.5693
75,37.5,0.0,0.0,0.5693
76,38.0,0.0,0.0,0.5693
77,38.5,0.0,0.0,0.5693
78,39.0,0.0,0.0,0.5693
79,39.5,0.0,0.0,0.5693
80,40.0,0.0,0.0,0.5693
81,40.5,0.0,0.0,0.5693
82,41.0,0.0,0.0,0.5693
83,41.5,0.0,0.0,0.5693
84,42.0,0.0,0.0,0.5693
85,42.5,0.0,0.0,0.5693
86,43.0,0.0,0.0,0.5693
87,43.5,0.0,0.0,0.5693
88,44.0,0.0,0.0,0.5693
89,44.5,0.0,0.0,0.5693
90,45.0,0.0,0.0,0.5693
91,45.5,0.0,0.0,0.5693
92,46.0,0.0,0.0,0.5693
93,46.5,0.0,0.0,0.5693
94,47.0,0.0,0.0,0.5693
95,47.5,0.0,0.0,0.5693
96,48.0,0.0,0.0,0.5693
97,48.5,0.0,0.0,0.5693
98,49.0,0.0,0.0,0.5693
99,49.5,89.12339977,54.08581311,0.2455
100,50.0,178.2467995,54.09259713,0.2455
101,50.5,267.3701993,54.10390382,0.2455
102,51.0,356.4935991,54.11973319,0.2455
103,51.5,445.6169989,54.14008524,0.2455
104,52.0,534.7403986,54.16495997,0.2455
105,52.5,623.8637984,54.19435737,0.2455
106,53.0,712.9871982,54.22827745,0.2455
107,53.5,802.110598,54.26672021,0.2455
108,54.0,891.2339977,54.30968564,0.2455
109,54.5,980.3573975,54.35717376,0.2455
110,55.0,1069.480797,54.40918455,0.2455
111,55.5,1158.604197,54.46571801,0.2455
112,56.0,1247.727597,54.52677416,0.2455
113,56.5,1336.850997,54.59235298,0.3011
114,57.0,1425.974396,54.66245448,0.3011
115,57.5,1515.097796,54.73707866,0.3557
116,58.0,1604.221196,54.81622551,0.3557
117,58.5,1693.344596,54.89989504,0.3557
118,59.0,1782.467995,54.98808725,0.4098
119,59.5,1871.591395,55.08080214,0.4098
120,60.0,1960.714795,55.1780397,0.4098
121,60.5,2049.838195,55.27979995,0.4642
122,61.0,2138.961595,55.38608286,0.4642
123,61.5,2138.961595,8.627800568,0.2759
124,62.0,2138.961595,8.627800568,0.2759
125,62.5,2138.961595,8.627800568,0.2759
126,63.0,2138.961595,8.627800568,0.2759
127,63.5,2138.961595,8.627800568,0.2759
128,64.0,2138.961595,8.627800568,0.2759
129,64.5,2138.961595,8.627800568,0.2759
130,65.0,2138.961595,8.627800568,0.2759
131,65.5,2138.961595,8.627800568,0.2759
132,66.0,2138.961595,8.627800568,0.2759
133,66.5,2138.961595,8.627800568,0.2759
134,67.0,2138.961595,8.627800568,0.2759
135,67.5,2138.961595,8.627800568,0.2759
136,68.0,2138.961595,8.627800568,0.2759
137,68.5,2138.961595,8.627800568,0.2759
138,69.0,2138.961595,8.627800568,0.2759
139,69.5,2138.961595,8.627800568,0.2759
140,70.0,2138.961595,8.627800568,0.2759
141,70.5,2138.961595,8.627800568,0.2759
142,71.0,2138.961595,8.627800568,0.2759
143,71.5,2138.961595,8.627800568,0.2759
144,72.0,2138.961595,8.627800568,0.2759
145,72.5,2138.961595,8.627800568,0.2759
146,73.0,2138.961595,8.627800568,0.2759
147,73.5,2138.961595,8.627800568,0.2759
148,74.0,2138.961595,8.627800568,0.2759
149,74.5,2138.961595,8.627800568,0.2759
150,75.0,2138.961595,8.627800568,0.2759
151,75.5,2138.961595,8.627800568,0.2759
152,76.0,2138.961595,8.627800568,0.2759
153,76.5,2138.961595,8.627800568,0.2759
154,77.0,2138.961595,8.627800568,0.2759
155,77.5,2138.961595,8.627800568,0.2759
156,78.0,2138.961595,8.627800568,0.2759
157,78.5,2138.961595,8.627800568,0.2759
158,79.0,2138.961595,8.627800568,0.2759
159,79.5,2138.961595,8.627800568,0.2759
160,80.0,2138.961595,8.627800568,0.2759
161,80.5,2138.961595,8.627800568,0.2759
162,81.0,2138.961595,8.627800568,0.2759
163,81.5,2138.961595,8.627800568,0.2759
164,82.0,2138.961595,8.627800568,0.2759
165,82.5,2138.961595,8.627800568,0.2759
166,83.0,2138.961595,8.627800568,0.2759
167,83.5,2138.961595,8.627800568,0.2759
168,84.0,2138.961595,8.627800568,0.2759
169,84.5,2138.961595,8.627800568,0.2759
170,85.0,2138.961595,8.627800568,0.2759
171,85.5,2041.736068,-42.4969554,0.2759
172,86.0,1944.51054,-42.60729378,0.2451
173,86.5,1847.285013,-42.7122498,0.2451
174,87.0,1750.059486,-42.81182345,0.2451
175,87.5,1652.833959,-42.90601475,0.2145
176,88.0,1555.608432,-42.99482369,0.2145
177,88.5,1458.382905,-43.07825027,0.1834
178,89.0,1361.157378,-43.15629449,0.1834
179,89.5,1263.931851,-43.22895634,0.1834
180,90.0,1166.706324,-43.29623584,0.1513
181,90.5,1069.480797,-43.35813298,0.1513
182,91.0,972.2552702,-43.41464776,0.1513
183,91.5,875.0297432,-43.46578018,0.1513
184,92.0,777.8042162,-43.51153024,0.1513
185,92.5,680.5786892,-43.55189794,0.1513
186,93.0,583.3531621,-43.58688328,0.1513
187,93.5,486.1276351,-43.61648626,0.1513
188,94.0,388.9021081,-43.64070687,0.1513
189,94.5,291.6765811,-43.65954513,0.1513
190,95.0,194.451054,-43.67300103,0.1513
191,95.5,97.22552702,-43.68107457,0.1513
192,96.0,0.0,0.0,0.5693
193,96.5,0.0,0.0,0.5693
194,97.0,0.0,0.0,0.5693
195,97.5,0.0,0.0,0.5693
196,98.0,0.0,0.0,0.5693
197,98.5,0.0,0.0,0.5693
198,99.0,0.0,0.0,0.5693
199,99.5,0.0,0.0,0.5693
200,100.0,0.0,0.0,0.5693
201,100.5,0.0,0.0,0.5693
202,101.0,0.0,0.0,0.5693
203,101.5,0.0,0.0,0.5693
204,102.0,0.0,0.0,0.5693
205,102.5,0.0,0.0,0.5693
206,103.0,0.0,0.0,0.5693
207,103.5,0.0,0.0,0.5693
208,104.0,0.0,0.0,0.5693
209,104.5,0.0,0.0,0.5693
210,105.0,0.0,0.0,0.5693
211,105.5,0.0,0.0,0.5693
212,106.0,0.0,0.0,0.5693
213,106.5,0.0,0.0,0.5693
214,107.0,0.0,0.0,0.5693
215,107.5,0.0,0.0,0.5693
216,108.0,0.0,0.0,0.5693
217,108.5,0.0,0.0,0.5693
218,109.0,0.0,0.0,0.5693
219,109.5,0.0,0.0,0.5693
220,110.0,0.0,0.0,0.5693
221,110.5,0.0,0.0,0.5693
222,111.0,0.0,0.0,0.5693
223,111.5,0.0,0.0,0.5693
224,112.0,0.0,0.0,0.5693
225,112.5,0.0,0.0,0.5693
226,113.0,0.0,0.0,0.5693
227,113.5,0.0,0.0,0.5693
228,114.0,0.0,0.0,0.5693
229,114.5,0.0,0.0,0.5693
230,115.0,0.0,0.0,0.5693
231,115.5,0.0,0.0,0.5693
232,116.0,0.0,0.0,0.5693
233,116.5,0.0,0.0,0.5693
234,117.0,0.0,0.0,0.5693
235,117.5,208.8829682,116.9274155,0.4338
236,118.0,417.7659364,116.9646812,0.4338
237,118.5,626.6489047,117.0267908,0.4338
238,119.0,835.5318729,117.1137441,0.4338
239,119.5,1044.414841,117.2255412,0.4338
240,120.0,1253.297809,117.3621822,0.5365
241,120.5,1462.180778,117.5236669,0.5365
242,121.0,1671.063746,117.7099955,0.6381
243,121.5,1879.946714,117.9211679,0.7393
244,122.0,2088.829682,118.1571841,0.8408
245,122.5,2297.71265,118.4180441,0.943
246,123.0,2506.595619,118.7037479,1.0468
247,123.5,2715.478587,119.0142955,1.0468
248,124.0,2924.361555,119.3496869,1.154
249,124.5,3133.244523,119.7099221,1.2673
250,125.0,3342.127491,120.0950012,1.541
251,125.5,3342.127491,10.50527702,0.4701
252,126.0,3342.127491,10.50527702,0.4701
253,126.5,3342.127491,10.50527702,0.4701
254,127.0,3342.127491,10.50527702,0.4701
255,127.5,3342.127491,10.50527702,0.4701
256,128.0,3342.127491,10.50527702,0.4701
257,128.5,3342.127491,10.50527702,0.4701
258,129.0,3342.127491,10.50527702,0.4701
259,129.5,3342.127491,10.50527702,0.4701
260,130.0,3342.127491,10.50527702,0.4701
261,130.5,3342.127491,10.50527702,0.4701
262,131.0,3342.127491,10.50527702,0.4701
263,131.5,3342.127491,10.50527702,0.4701
264,132.0,3342.127491,10.50527702,0.4701
265,132.5,3342.127491,10.50527702,0.4701
266,133.0,3342.127491,10.50527702,0.4701
267,133.5,3342.127491,10.50527702,0.4701
268,134.0,3342.127491,10.50527702,0.4701
269,134.5,3342.127491,10.50527702,0.4701
270,135.0,3342.127491,10.50527702,0.4701
271,135.5,3342.127491,10.50527702,0.4701
272,136.0,3342.127491,10.50527702,0.4701
273,136.5,3342.127491,10.50527702,0.4701
274,137.0,3342.127491,10.50527702,0.4701
275,137.5,3342.127491,10.50527702,0.4701
276,138.0,3342.127491,10.50527702,0.4701
277,138.5,3342.127491,10.50527702,0.4701
278,139.0,3342.127491,10.50527702,0.4701
279,139.5,3342.127491,10.50527702,0.4701
280,140.0,3342.127491,10.50527702,0.4701
281,140.5,3342.127491,10.50527702,0.4701
282,141.0,3342.127491,10.50527702,0.4701
283,141.5,3342.127491,10.50527702,0.4701
284,142.0,3342.127491,10.50527702,0.4701
285,142.5,3342.127491,10.50527702,0.4701
286,143.0,3342.127491,10.50527702,0.4701
287,143.5,3342.127491,10.50527702,0.4701
288,144.0,3342.127491,10.50527702,0.4701
289,144.5,3342.127491,10.50527702,0.4701
290,145.0,3342.127491,10.50527702,0.4701
291,145.5,3342.127491,10.50527702,0.4701
292,146.0,3342.127491,10.50527702,0.4701
293,146.5,3342.127491,10.50527702,0.4701
294,147.0,3342.127491,10.50527702,0.4701
295,147.5,3342.127491,10.50527702,0.4701
296,148.0,3342.127491,10.50527702,0.4701
297,148.5,3342.127491,10.50527702,0.4701
298,149.0,3342.127491,10.50527702,0.4701
299,149.5,3342.127491,10.50527702,0.4701
300,150.0,3342.127491,10.50527702,0.4701
301,150.5,3342.127491,10.50527702,0.4701
302,151.0,3342.127491,10.50527702,0.4701
303,151.5,3342.127491,10.50527702,0.4701
304,152.0,3342.127491,10.50527702,0.4701
305,152.5,3342.127491,10.50527702,0.4701
306,153.0,3342.127491,10.50527702,0.4701
307,153.5,3342.127491,10.50527702,0.4701
308,154.0,3342.127491,10.50527702,0.4701
309,154.5,3342.127491,10.50527702,0.4701
310,155.0,3342.127491,10.50527702,0.4701
311,155.5,3279.462601,-22.48977253,0.4701
312,156.0,3216.797711,-22.6056689,0.42
313,156.5,3154.13282,-22.71932932,0.42
314,157.0,3091.46793,-22.83075381,0.42
315,157.5,3028.803039,-22.93994235,0.42
316,158.0,2966.138149,-23.04689494,0.3773
317,158.5,2903.473258,-23.1516116,0.3773
318,159.0,2840.808368,-23.25409231,0.3773
319,159.5,2778.143477,-23.35433708,0.3773
320,160.0,2715.478587,-23.45234591,0.3407
321,160.5,2652.813696,-23.54811879,0.3407
322,161.0,2590.148806,-23.64165573,0.3407
323,161.5,2527.483915,-23.73295673,0.3407
324,162.0,2464.819025,-23.82202178,0.3076
325,162.5,2402.154135,-23.9088509,0.3076
326,163.0,2339.489244,-23.99344406,0.3076
327,163.5,2339.489244,8.883473175,0.3076
328,164.0,2339.489244,8.883473175,0.3076
329,164.5,2339.489244,8.883473175,0.3076
330,165.0,2339.489244,8.883473175,0.3076
331,165.5,2339.489244,8.883473175,0.3076
332,166.0,2339.489244,8.883473175,0.3076
333,166.5,2339.489244,8.883473175,0.3076
334,167.0,2339.489244,8.883473175,0.3076
335,167.5,2339.489244,8.883473175,0.3076
336,168.0,2339.489244,8.883473175,0.3076
337,168.5,2339.489244,8.883473175,0.3076
338,169.0,2339.489244,8.883473175,0.3076
339,169.5,2339.489244,8.883473175,0.3076
340,170.0,2339.489244,8.883473175,0.3076
341,170.5,2339.489244,8.883473175,0.3076
342,171.0,2339.489244,8.883473175,0.3076
343,171.5,2339.489244,8.883473175,0.3076
344,172.0,2339.489244,8.883473175,0.3076
345,172.5,2339.489244,8.883473175,0.3076
346,173.0,2339.489244,8.883473175,0.3076
347,173.5,2339.489244,8.883473175,0.3076
348,174.0,2339.489244,8.883473175,0.3076
349,174.5,2339.489244,8.883473175,0.3076
350,175.0,2339.489244,8.883473175,0.3076
351,175.5,2339.489244,8.883473175,0.3076
352,176.0,2339.489244,8.883473175,0.3076
353,176.5,2339.489244,8.883473175,0.3076
354,177.0,2339.489244,8.883473175,0.3076
355,177.5,2339.489244,8.883473175,0.3076
356,178.0,2339.489244,8.883473175,0.3076
357,178.5,2222.514782,-52.6386972,0.2759
358,179.0,2105.54032,-52.78283104,0.2759
359,179.5,1988.565857,-52.91917386,0.2451
360,180.0,1871.591395,-53.04772567,0.2451
361,180.5,1754.616933,-53.16848646,0.2451
362,181.0,1637.642471,-53.28145622,0.2145
363,181.5,1520.668009,-53.38663497,0.2145
364,182.0,1403.693546,-53.4840227,0.1834
365,182.5,1286.719084,-53.57361942,0.1834
366,183.0,1169.744622,-53.65542511,0.1513
367,183.5,1052.77016,-53.72943979,0.1513
368,184.0,935.7956976,-53.79566344,0.1513
369,184.5,818.8212354,-53.85409608,0.1513
370,185.0,701.8467732,-53.9047377,0.1513
371,185.5,584.872311,-53.9475883,0.1513
372,186.0,467.8978488,-53.98264789,0.1513
373,186.5,350.9233866,-54.00991645,0.1513
374,187.0,233.9489244,-54.029394,0.1513
375,187.5,116.9744622,-54.04108053,0.1513
376,188.0,0.0,0.0,0.5693
377,188.5,0.0,0.0,0.5693
378,189.0,0.0,0.0,0.5693
379,189.5,0.0,0.0,0.5693
380,190.0,0.0,0.0,0.5693
381,190.5,0.0,0.0,0.5693
382,191.0,0.0,0.0,0.5693
383,191.5,0.0,0.0,0.5693
384,192.0,0.0,0.0,0.5693
385,192.5,0.0,0.0,0.5693
386,193.0,0.0,0.0,0.5693
387,193.5,0.0,0.0,0.5693
388,194.0,0.0,0.0,0.5693
389,194.5,0.0,0.0,0.5693
390,195.0,0.0,0.0,0.5693
391,195.5,0.0,0.0,0.5693
392,196.0,0.0,0.0,0.5693
393,196.5,0.0,0.0,0.5693
394,197.0,0.0,0.0,0.5693
395,197.5,0.0,0.0,0.5693
396,198.0,0.0,0.0,0.5693
397,198.5,0.0,0.0,0.5693
398,199.0,0.0,0.0,0.5693
399,199.5,0.0,0.0,0.5693
400,200.0,0.0,0.0,0.5693
401,200.5,0.0,0.0,0.5693
402,201.0,0.0,0.0,0.5693
403,201.5,0.0,0.0,0.5693
404,202.0,0.0,0.0,0.5693
405,202.5,0.0,0.0,0.5693
406,203.0,0.0,0.0,0.5693
407,203.5,0.0,0.0,0.5693
408,204.0,0.0,0.0,0.5693
409,204.5,0.0,0.0,0.5693
410,205.0,0.0,0.0,0.5693
411,205.5,0.0,0.0,0.5693
412,206.0,0.0,0.0,0.5693
413,206.5,125.3297809,73.08357584,0.2925
414,207.0,250.6595619,73.0969915,0.2925
415,207.5,375.9893428,73.11935093,0.2925
416,208.0,501.3191237,73.15065413,0.2925
417,208.5,626.6489047,73.1909011,0.2925
418,209.0,751.9786856,73.24009184,0.2925
419,209.5,877.3084665,73.29822635,0.2925
420,210.0,1002.638247,73.36530464,0.2925
421,210.5,1002.638247,7.611470158,0.1513
422,211.0,1002.638247,7.611470158,0.1513
423,211.5,1002.638247,7.611470158,0.1513
424,212.0,1002.638247,7.611470158,0.1513
425,212.5,1002.638247,7.611470158,0.1513
426,213.0,1002.638247,7.611470158,0.1513
427,213.5,1002.638247,7.611470158,0.1513
428,214.0,1002.638247,7.611470158,0.1513
429,214.5,1002.638247,7.611470158,0.1513
430,215.0,1002.638247,7.611470158,0.1513
431,215.5,1002.638247,7.611470158,0.1513
432,216.0,1002.638247,7.611470158,0.1513
433,216.5,1002.638247,7.611470158,0.1513
434,217.0,1002.638247,7.611470158,0.1513
435,217.5,1002.638247,7.611470158,0.1513
436,218.0,1002.638247,7.611470158,0.1513
437,218.5,902.3744227,-45.04597555,0.1513
438,219.0,802.110598,-45.09462967,0.1513
439,219.5,701.8467732,-45.13755977,0.1513
440,220.0,601.5829485,-45.17476586,0.1513
441,220.5,501.3191237,-45.20624793,0.1513
442,221.0,401.055299,-45.232006,0.1513
443,221.5,300.7914742,-45.25204004,0.1513
444,222.0,200.5276495,-45.26635008,0.1513
445,222.5,100.2638247,-45.2749361,0.1513
446,223.0,0.0,0.0,0.5693
447,223.5,0.0,0.0,0.5693
448,224.0,0.0,0.0,0.5693
449,224.5,0.0,0.0,0.5693
450,225.0,0.0,0.0,0.5693
451,225.5,0.0,0.0,0.5693
452,226.0,0.0,0.0,0.5693
453,226.5,0.0,0.0,0.5693
454,227.0,0.0,0.0,0.5693
455,227.5,0.0,0.0,0.5693
456,228.0,0.0,0.0,0.5693
457,228.5,0.0,0.0,0.5693
458,229.0,0.0,0.0,0.5693
459,229.5,0.0,0.0,0.5693
460,230.0,0.0,0.0,0.5693
461,230.5,0.0,0.0,0.5693
462,231.0,0.0,0.0,0.5693
463,231.5,0.0,0.0,0.5693
464,232.0,0.0,0.0,0.5693
465,232.5,0.0,0.0,0.5693
466,233.0,0.0,0.0,0.5693
467,233.5,0.0,0.0,0.5693
468,234.0,0.0,0.0,0.5693
469,234.5,0.0,0.0,0.5693
470,235.0,0.0,0.0,0.5693
471,235.5,0.0,0.0,0.5693
472,236.0,0.0,0.0,0.5693
473,236.5,0.0,0.0,0.5693
474,237.0,0.0,0.0,0.5693
475,237.5,0.0,0.0,0.5693
476,238.0,0.0,0.0,0.5693
477,238.5,0.0,0.0,0.5693
478,239.0,0.0,0.0,0.5693
479,239.5,0.0,0.0,0.5693
480,240.0,0.0,0.0,0.5693
481,240.5,0.0,0.0,0.5693
482,241.0,0.0,0.0,0.5693
483,241.5,0.0,0.0,0.5693
484,242.0,0.0,0.0,0.5693
485,242.5,0.0,0.0,0.5693
486,243.0,0.0,0.0,0.5693
487,243.5,0.0,0.0,0.5693
488,244.0,0.0,0.0,0.5693
489,244.5,89.12339977,54.08581311,0.2455
490,245.0,178.2467995,54.09259713,0.2455
491,245.5,267.3701993,54.10390382,0.2455
492,246.0,356.4935991,54.11973319,0.2455
493,246.5,445.6169989,54.14008524,0.2455
494,247.0,534.7403986,54.16495997,0.2455
495,247.5,623.8637984,54.19435737,0.2455
496,248.0,712.9871982,54.22827745,0.2455
497,248.5,802.110598,54.26672021,0.2455
498,249.0,891.2339977,54.30968564,0.2455
499,249.5,980.3573975,54.35717376,0.2455
500,250.0,1069.480797,54.40918455,0.2455
501,250.5,1158.604197,54.46571801,0.2455
502,251.0,1247.727597,54.52677416,0.2455
503,251.5,1336.850997,54.59235298,0.3011
504,252.0,1425.974396,54.66245448,0.3011
505,252.5,1515.097796,54.73707866,0.3557
506,253.0,1604.221196,54.81622551,0.3557
507,253.5,1693.344596,54.89989504,0.3557
508,254.0,1782.467995,54.98808725,0.4098
509,254.5,1871.591395,55.08080214,0.4098
510,255.0,1960.714795,55.1780397,0.4098
511,255.5,2049.838195,55.27979995,0.4642
512,256.0,2138.961595,55.38608286,0.4642
513,256.5,2138.961595,8.627800568,0.2759
514,257.0,2138.961595,8.627800568,0.2759
515,257.5,2138.961595,8.627800568,0.2759
516,258.0,2138.961595,8.627800568,0.2759
517,258.5,2138.961595,8.627800568,0.2759
518,259.0,2138.961595,8.627800568,0.2759
519,259.5,2138.961595,8.627800568,0.2759
520,260.0,2138.961595,8.627800568,0.2759
521,260.5,2138.961595,8.627800568,0.2759
522,261.0,2138.961595,8.627800568,0.2759
523,261.5,2138.961595,8.627800568,0.2759
524,262.0,2138.961595,8.627800568,0.2759
525,262.5,2138.961595,8.627800568,0.2759
526,263.0,2138.961595,8.627800568,0.2759
527,263.5,2138.961595,8.627800568,0.2759
528,264.0,2138.961595,8.627800568,0.2759
529,264.5,2138.961595,8.627800568,0.2759
530,265.0,2138.961595,8.627800568,0.2759
531,265.5,2138.961595,8.627800568,0.2759
532,266.0,2138.961595,8.627800568,0.2759
533,266.5,2138.961595,8.627800568,0.2759
534,267.0,2138.961595,8.627800568,0.2759
535,267.5,2138.961595,8.627800568,0.2759
536,268.0,2138.961595,8.627800568,0.2759
537,268.5,2138.961595,8.627800568,0.2759
538,269.0,2138.961595,8.627800568,0.2759
539,269.5,2138.961595,8.627800568,0.2759
540,270.0,2138.961595,8.627800568,0.2759
541,270.5,2138.961595,8.627800568,0.2759
542,271.0,2138.961595,8.627800568,0.2759
543,271.5,2138.961595,8.627800568,0.2759
544,272.0,2138.961595,8.627800568,0.2759
545,272.5,2138.961595,8.627800568,0.2759
546,273.0,2138.961595,8.627800568,0.2759
547,273.5,2138.961595,8.627800568,0.2759
548,274.0,2138.961595,8.627800568,0.2759
549,274.5,2138.961595,8.627800568,0.2759
550,275.0,2138.961595,8.627800568,0.2759
551,275.5,2138.961595,8.627800568,0.2759
552,276.0,2138.961595,8.627800568,0.2759
553,276.5,2138.961595,8.627800568,0.2759
554,277.0,2138.961595,8.627800568,0.2759
555,277.5,2138.961595,8.627800568,0.2759
556,278.0,2138.961595,8.627800568,0.2759
557,278.5,2138.961595,8.627800568,0.2759
558,279.0,2138.961595,8.627800568,0.2759
559,279.5,2138.961595,8.627800568,0.2759
560,280.0,2138.961595,8.627800568,0.2759
561,280.5,2041.736068,-42.4969554,0.2759
562,281.0,1944.51054,-42.60729378,0.2451
563,281.5,1847.285013,-42.7122498,0.2451
564,282.0,1750.059486,-42.81182345,0.2451
565,282.5,1652.833959,-42.90601475,0.2145
566,283.0,1555.608432,-42.99482369,0.2145
567,283.5,1458.382905,-43.07825027,0.1834
568,284.0,1361.157378,-43.15629449,0.1834
569,284.5,1263.931851,-43.22895634,0.1834
570,285.0,1166.706324,-43.29623584,0.1513
571,285.5,1069.480797,-43.35813298,0.1513
572,286.0,972.2552702,-43.41464776,0.1513
573,286.5,875.0297432,-43.46578018,0.1513
574,287.0,777.8042162,-43.51153024,0.1513
575,287.5,680.5786892,-43.55189794,0.1513
576,288.0,583.3531621,-43.58688328,0.1513
577,288.5,486.1276351,-43.61648626,0.1513
578,289.0,388.9021081,-43.64070687,0.1513
579,289.5,291.6765811,-43.65954513,0.1513
580,290.0,194.451054,-43.67300103,0.1513
581,290.5,97.22552702,-43.68107457,0.1513
582,291.0,0.0,0.0,0.5693
583,291.5,0.0,0.0,0.5693
584,292.0,0.0,0.0,0.5693
585,292.5,0.0,0.0,0.5693
586,293.0,0.0,0.0,0.5693
587,293.5,0.0,0.0,0.5693
588,294.0,0.0,0.0,0.5693
589,294.5,0.0,0.0,0.5693
590,295.0,0.0,0.0,0.5693
591,295.5,0.0,0.0,0.5693
592,296.0,0.0,0.0,0.5693
593,296.5,0.0,0.0,0.5693
594,297.0,0.0,0.0,0.5693
595,297.5,0.0,0.0,0.5693
596,298.0,0.0,0.0,0.5693
597,298.5,0.0,0.0,0.5693
598,299.0,0.0,0.0,0.5693
599,299.5,0.0,0.0,0.5693
600,300.0,0.0,0.0,0.5693
601,300.5,0.0,0.0,0.5693
602,301.0,0.0,0.0,0.5693
603,301.5,0.0,0.0,0.5693
604,302.0,0.0,0.0,0.5693
605,302.5,0.0,0.0,0.5693
606,303.0,0.0,0.0,0.5693
607,303.5,0.0,0.0,0.5693
608,304.0,0.0,0.0,0.5693
609,304.5,0.0,0.0,0.5693
610,305.0,0.0,0.0,0.5693
611,305.5,0.0,0.0,0.5693
612,306.0,0.0,0.0,0.5693
613,306.5,0.0,0.0,0.5693
614,307.0,0.0,0.0,0.5693
615,307.5,0.0,0.0,0.5693
616,308.0,0.0,0.0,0.5693
617,308.5,0.0,0.0,0.5693
618,309.0,0.0,0.0,0.5693
619,309.5,0.0,0.0,0.5693
620,310.0,0.0,0.0,0.5693
621,310.5,0.0,0.0,0.5693
622,311.0,0.0,0.0,0.5693
623,311.5,0.0,0.0,0.5693
624,312.0,0.0,0.0,0.5693
625,312.5,208.8829682,116.9274155,0.4338
626,313.0,417.7659364,116.9646812,0.4338
627,313.5,626.6489047,117.0267908,0.4338
628,314.0,835.5318729,117.1137441,0.4338
629,314.5,1044.414841,117.2255412,0.4338
630,315.0,1253.297809,117.3621822,0.5365
631,315.5,1462.180778,117.5236669,0.5365
632,316.0,1671.063746,117.7099955,0.6381
633,316.5,1879.946714,117.9211679,0.7393
634,317.0,2088.829682,118.1571841,0.8408
635,317.5,2297.71265,118.4180441,0.943
636,318.0,2506.595619,118.7037479,1.0468
637,318.5,2715.478587,119.0142955,1.0468
638,319.0,2924.361555,119.3496869,1.154
639,319.5,3133.244523,119.7099221,1.2673
640,320.0,3342.127491,120.0950012,1.541
641,320.5,3342.127491,10.50527702,0.4701
642,321.0,3342.127491,10.50527702,0.4701
643,321.5,3342.127491,10.50527702,0.4701
644,322.0,3342.127491,10.50527702,0.4701
645,322.5,3342.127491,10.50527702,0.4701
646,323.0,3342.127491,10.50527702,0.4701
647,323.5,3342.127491,10.50527702,0.4701
648,324.0,3342.127491,10.50527702,0.4701
649,324.5,3342.127491,10.50527702,0.4701
650,325.0,3342.127491,10.50527702,0.4701
651,325.5,3342.127491,10.50527702,0.4701
652,326.0,3342.127491,10.50527702,0.4701
653,326.5,3342.127491,10.50527702,0.4701
654,327.0,3342.127491,10.50527702,0.4701
655,327.5,3342.127491,10.50527702,0.4701
656,328.0,3342.127491,10.50527702,0.4701
657,328.5,3342.127491,10.50527702,0.4701
658,329.0,3342.127491,10.50527702,0.4701
659,329.5,3342.127491,10.50527702,0.4701
660,330.0,3342.127491,10.50527702,0.4701
661,330.5,3342.127491,10.50527702,0.4701
662,331.0,3342.127491,10.50527702,0.4701
663,331.5,3342.127491,10.50527702,0.4701
664,332.0,3342.127491,10.50527702,0.4701
665,332.5,3342.127491,10.50527702,0.4701
666,333.0,3342.127491,10.50527702,0.4701
667,333.5,3342.127491,10.50527702,0.4701
668,334.0,3342.127491,10.50527702,0.4701
669,334.5,3342.127491,10.50527702,0.4701
670,335.0,3342.127491,10.50527702,0.4701
671,335.5,3342.127491,10.50527702,0.4701
672,336.0,3342.127491,10.50527702,0.4701
673,336.5,3342.127491,10.50527702,0.4701
674,337.0,3342.127491,10.50527702,0.4701
675,337.5,3342.127491,10.50527702,0.4701
676,338.0,3342.127491,10.50527702,0.4701
677,338.5,3342.127491,10.50527702,0.4701
678,339.0,3342.127491,10.50527702,0.4701
679,339.5,3342.127491,10.50527702,0.4701
680,340.0,3342.127491,10.50527702,0.4701
681,340.5,3342.127491,10.50527702,0.4701
682,341.0,3342.127491,10.50527702,0.4701
683,341.5,3342.127491,10.50527702,0.4701
684,342.0,3342.127491,10.50527702,0.4701
685,342.5,3342.127491,10.50527702,0.4701
686,343.0,3342.127491,10.50527702,0.4701
687,343.5,3342.127491,10.50527702,0.4701
688,344.0,3342.127491,10.50527702,0.4701
689,344.5,3342.127491,10.50527702,0.4701
690,345.0,3342.127491,10.50527702,0.4701
691,345.5,3342.127491,10.50527702,0.4701
692,346.0,3342.127491,10.50527702,0.4701
693,346.5,3342.127491,10.50527702,0.4701
694,347.0,3342.127491,10.50527702,0.4701
695,347.5,3342.127491,10.50527702,0.4701
696,348.0,3342.127491,10.50527702,0.4701
697,348.5,3342.127491,10.50527702,0.4701
698,349.0,3342.127491,10.50527702,0.4701
699,349.5,3342.127491,10.50527702,0.4701
700,350.0,3342.127491,10.50527702,0.4701
701,350.5,3279.462601,-22.48977253,0.4701
702,351.0,3216.797711,-22.6056689,0.42
703,351.5,3154.13282,-22.71932932,0.42
704,352.0,3091.46793,-22.83075381,0.42
705,352.5,3028.803039,-22.93994235,0.42
706,353.0,2966.138149,-23.04689494,0.3773
707,353.5,2903.473258,-23.1516116,0.3773
708,354.0,2840.808368,-23.25409231,0.3773
709,354.5,2778.143477,-23.35433708,0.3773
710,355.0,2715.478587,-23.45234591,0.3407
711,355.5,2652.813696,-23.54811879,0.3407
712,356.0,2590.148806,-23.64165573,0.3407
713,356.5,2527.483915,-23.73295673,0.3407
714,357.0,2464.819025,-23.82202178,0.3076
715,357.5,2402.154135,-23.9088509,0.3076
716,358.0,2339.489244,-23.99344406,0.3076
717,358.5,2339.489244,8.883473175,0.3076
718,359.0,2339.489244,8.883473175,0.3076
719,359.5,2339.489244,8.883473175,0.3076
720,360.0,2339.489244,8.883473175,0.3076
721,360.5,2339.489244,8.883473175,0.3076
722,361.0,2339.489244,8.883473175,0.3076
723,361.5,2339.489244,8.883473175,0.3076
724,362.0,2339.489244,8.883473175,0.3076
725,362.5,2339.489244,8.883473175,0.3076
726,363.0,2339.489244,8.883473175,0.3076
727,363.5,2339.489244,8.883473175,0.3076
728,364.0,2339.489244,8.883473175,0.3076
729,364.5,2339.489244,8.883473175,0.3076
730,365.0,2339.489244,8.883473175,0.3076
731,365.5,2339.489244,8.883473175,0.3076
732,366.0,2339.489244,8.883473175,0.3076
733,366.5,2339.489244,8.883473175,0.3076
734,367.0,2339.489244,8.883473175,0.3076
735,367.5,2339.489244,8.883473175,0.3076
736,368.0,2339.489244,8.883473175,0.3076
737,368.5,2339.489244,8.883473175,0.3076
738,369.0,2339.489244,8.883473175,0.3076
739,369.5,2339.489244,8.883473175,0.3076
740,370.0,2339.489244,8.883473175,0.3076
741,370.5,2339.489244,8.883473175,0.3076
742,371.0,2339.489244,8.883473175,0.3076
743,371.5,2339.489244,8.883473175,0.3076
744,372.0,2339.489244,8.883473175,0.3076
745,372.5,2339.489244,8.883473175,0.3076
746,373.0,2339.489244,8.883473175,0.3076
747,373.5,2222.514782,-52.6386972,0.2759
748,374.0,2105.54032,-52.78283104,0.2759
749,374.5,1988.565857,-52.91917386,0.2451
750,375.0,1871.591395,-53.04772567,0.2451
751,375.5,1754.616933,-53.16848646,0.2451
752,376.0,1637.642471,-53.28145622,0.2145
753,376.5,1520.668009,-53.38663497,0.2145
754,377.0,1403.693546,-53.4840227,0.1834
755,377.5,1286.719084,-53.57361942,0.1834
756,378.0,1169.744622,-53.65542511,0.1513
757,378.5,1052.77016,-53.72943979,0.1513
758,379.0,935.7956976,-53.79566344,0.1513
759,379.5,818.8212354,-53.85409608,0.1513
760,380.0,701.8467732,-53.9047377,0.1513
761,380.5,584.872311,-53.9475883,0.1513
762,381.0,467.8978488,-53.98264789,0.1513
763,381.5,350.9233866,-54.00991645,0.1513
764,382.0,233.9489244,-54.029394,0.1513
765,382.5,116.9744622,-54.04108053,0.1513
766,383.0,0.0,0.0,0.5693
767,383.5,0.0,0.0,0.5693
768,384.0,0.0,0.0,0.5693
769,384.5,0.0,0.0,0.5693
770,385.0,0.0,0.0,0.5693
771,385.5,0.0,0.0,0.5693
772,386.0,0.0,0.0,0.5693
773,386.5,0.0,0.0,0.5693
774,387.0,0.0,0.0,0.5693
775,387.5,0.0,0.0,0.5693
776,388.0,0.0,0.0,0.5693
777,388.5,0.0,0.0,0.5693
778,389.0,0.0,0.0,0.5693
779,389.5,0.0,0.0,0.5693
780,390.0,0.0,0.0,0.5693
781,390.5,0.0,0.0,0.5693
782,391.0,0.0,0.0,0.5693
783,391.5,0.0,0.0,0.5693
784,392.0,0.0,0.0,0.5693
785,392.5,0.0,0.0,0.5693
786,393.0,0.0,0.0,0.5693
787,393.5,0.0,0.0,0.5693
788,394.0,0.0,0.0,0.5693
789,394.5,0.0,0.0,0.5693
790,395.0,0.0,0.0,0.5693
791,395.5,0.0,0.0,0.5693
792,396.0,0.0,0.0,0.5693
793,396.5,0.0,0.0,0.5693
794,397.0,0.0,0.0,0.5693
795,397.5,0.0,0.0,0.5693
796,398.0,0.0,0.0,0.5693
797,398.5,0.0,0.0,0.5693
798,399.0,0.0,0.0,0.5693
799,399.5,0.0,0.0,0.5693
800,400.0,0.0,0.0,0.5693
801,400.5,0.0,0.0,0.5693
802,401.0,0.0,0.0,0.5693
803,401.5,125.3297809,73.08357584,0.2925
804,402.0,250.6595619,73.0969915,0.2925
805,402.5,375.9893428,73.11935093,0.2925
806,403.0,501.3191237,73.15065413,0.2925
807,403.5,626.6489047,73.1909011,0.2925
808,404.0,751.9786856,73.24009184,0.2925
809,404.5,877.3084665,73.29822635,0.2925
810,405.0,1002.638247,73.36530464,0.2925
811,405.5,1002.638247,7.611470158,0.1513
812,406.0,1002.638247,7.611470158,0.1513
813,406.5,1002.638247,7.611470158,0.1513
814,407.0,1002.638247,7.611470158,0.1513
815,407.5,1002.638247,7.611470158,0.1513
816,408.0,1002.638247,7.611470158,0.1513
817,408.5,1002.638247,7.611470158,0.1513
818,409.0,1002.638247,7.611470158,0.1513
819,409.5,1002.638247,7.611470158,0.1513
820,410.0,1002.638247,7.611470158,0.1513
821,410.5,1002.638247,7.611470158,0.1513
822,411.0,1002.638247,7.611470158,0.1513
823,411.5,1002.638247,7.611470158,0.1513
824,412.0,1002.638247,7.611470158,0.1513
825,412.5,1002.638247,7.611470158,0.1513
826,413.0,1002.638247,7.611470158,0.1513
827,413.5,902.3744227,-45.04597555,0.1513
828,414.0,802.110598,-45.09462967,0.1513
829,414.5,701.8467732,-45.13755977,0.1513
830,415.0,601.5829485,-45.17476586,0.1513
831,415.5,501.3191237,-45.20624793,0.1513
832,416.0,401.055299,-45.232006,0.1513
833,416.5,300.7914742,-45.25204004,0.1513
834,417.0,200.5276495,-45.26635008,0.1513
835,417.5,100.2638247,-45.2749361,0.1513
836,418.0,0.0,0.0,0.5693
837,418.5,0.0,0.0,0.5693
838,419.0,0.0,0.0,0.5693
839,419.5,0.0,0.0,0.5693
840,420.0,0.0,0.0,0.5693
841,420.5,0.0,0.0,0.5693
842,421.0,0.0,0.0,0.5693
843,421.5,0.0,0.0,0.5693
844,422.0,0.0,0.0,0.5693
845,422.5,0.0,0.0,0.5693
846,423.0,0.0,0.0,0.5693
847,423.5,0.0,0.0,0.5693
848,424.0,0.0,0.0,0.5693
849,424.5,0.0,0.0,0.5693
850,425.0,0.0,0.0,0.5693
851,425.5,0.0,0.0,0.5693
852,426.0,0.0,0.0,0.5693
853,426.5,0.0,0.0,0.5693
854,427.0,0.0,0.0,0.5693
855,427.5,0.0,0.0,0.5693
856,428.0,0.0,0.0,0.5693
857,428.5,0.0,0.0,0.5693
858,429.0,0.0,0.0,0.5693
859,429.5,0.0,0.0,0.5693
860,430.0,0.0,0.0,0.5693
861,430.5,0.0,0.0,0.5693
862,431.0,0.0,0.0,0.5693
863,431.5,0.0,0.0,0.5693
864,432.0,0.0,0.0,0.5693
865,432.5,0.0,0.0,0.5693
866,433.0,0.0,0.0,0.5693
867,433.5,0.0,0.0,0.5693
868,434.0,0.0,0.0,0.5693
869,434.5,0.0,0.0,0.5693
870,435.0,0.0,0.0,0.5693
871,435.5,0.0,0.0,0.5693
872,436.0,0.0,0.0,0.5693
873,436.5,0.0,0.0,0.5693
874,437.0,0.0,0.0,0.5693
875,437.5,0.0,0.0,0.5693
876,438.0,0.0,0.0,0.5693
877,438.5,0.0,0.0,0.5693
878,439.0,0.0,0.0,0.5693
879,439.5,89.12339977,54.08581311,0.2455
880,440.0,178.2467995,54.09259713,0.2455
881,440.5,267.3701993,54.10390382,0.2455
882,441.0,356.4935991,54.11973319,0.2455
883,441.5,445.6169989,54.14008524,0.2455
884,442.0,534.7403986,54.16495997,0.2455
885,442.5,623.8637984,54.19435737,0.2455
886,443.0,712.9871982,54.22827745,0.2455
887,443.5,802.110598,54.26672021,0.2455
888,444.0,891.2339977,54.30968564,0.2455
889,444.5,980.3573975,54.35717376,0.2455
890,445.0,1069.480797,54.40918455,0.2455
891,445.5,1158.604197,54.46571801,0.2455
892,446.0,1247.727597,54.52677416,0.2455
893,446.5,1336.850997,54.59235298,0.3011
894,447.0,1425.974396,54.66245448,0.3011
895,447.5,1515.097796,54.73707866,0.3557
896,448.0,1604.221196,54.81622551,0.3557
897,448.5,1693.344596,54.89989504,0.3557
898,449.0,1782.467995,54.98808725,0.4098
899,449.5,1871.591395,55.08080214,0.4098
900,450.0,1960.714795,55.1780397,0.4098
901,450.5,2049.838195,55.27979995,0.4642
902,451.0,2138.961595,55.38608286,0.4642
903,451.5,2138.961595,8.627800568,0.2759
904,452.0,2138.961595,8.627800568,0.2759
905,452.5,2138.961595,8.627800568,0.2759
906,453.0,2138.961595,8.627800568,0.2759
907,453.5,2138.961595,8.627800568,0.2759
908,454.0,2138.961595,8.627800568,0.2759
909,454.5,2138.961595,8.627800568,0.2759
910,455.0,2138.961595,8.627800568,0.2759
911,455.5,2138.961595,8.627800568,0.2759
912,456.0,2138.961595,8.627800568,0.2759
913,456.5,2138.961595,8.627800568,0.2759
914,457.0,2138.961595,8.627800568,0.2759
915,457.5,2138.961595,8.627800568,0.2759
916,458.0,2138.961595,8.627800568,0.2759
917,458.5,2138.961595,8.627800568,0.2759
918,459.0,2138.961595,8.627800568,0.2759
919,459.5,2138.961595,8.627800568,0.2759
920,460.0,2138.961595,8.627800568,0.2759
921,460.5,2138.961595,8.627800568,0.2759
922,461.0,2138.961595,8.627800568,0.2759
923,461.5,2138.961595,8.627800568,0.2759
924,462.0,2138.961595,8.627800568,0.2759
925,462.5,2138.961595,8.627800568,0.2759
926,463.0,2138.961595,8.627800568,0.2759
927,463.5,2138.961595,8.627800568,0.2759
928,464.0,2138.961595,8.627800568,0.2759
929,464.5,2138.961595,8.627800568,0.2759
930,465.0,2138.961595,8.627800568,0.2759
931,465.5,2138.961595,8.627800568,0.2759
932,466.0,2138.961595,8.627800568,0.2759
933,466.5,2138.961595,8.627800568,0.2759
934,467.0,2138.961595,8.627800568,0.2759
935,467.5,2138.961595,8.627800568,0.2759
936,468.0,2138.961595,8.627800568,0.2759
937,468.5,2138.961595,8.627800568,0.2759
938,469.0,2138.961595,8.627800568,0.2759
939,469.5,2138.961595,8.627800568,0.2759
940,470.0,2138.961595,8.627800568,0.2759
941,470.5,2138.961595,8.627800568,0.2759
942,471.0,2138.961595,8.627800568,0.2759
943,471.5,2138.961595,8.627800568,0.2759
944,472.0,2138.961595,8.627800568,0.2759
945,472.5,2138.961595,8.627800568,0.2759
946,473.0,2138.961595,8.627800568,0.2759
947,473.5,2138.961595,8.627800568,0.2759
948,474.0,2138.961595,8.627800568,0.2759
949,474.5,2138.961595,8.627800568,0.2759
950,475.0,2138.961595,8.627800568,0.2759
951,475.5,2041.736068,-42.4969554,0.2759
952,476.0,1944.51054,-42.60729378,0.2451
953,476.5,1847.285013,-42.7122498,0.2451
954,477.0,1750.059486,-42.81182345,0.2451
955,477.5,1652.833959,-42.90601475,0.2145
956,478.0,1555.608432,-42.99482369,0.2145
957,478.5,1458.382905,-43.07825027,0.1834
958,479.0,1361.157378,-43.15629449,0.1834
959,479.5,1263.931851,-43.22895634,0.1834
960,480.0,1166.706324,-43.29623584,0.1513
961,480.5,1069.480797,-43.35813298,0.1513
962,481.0,972.2552702,-43.41464776,0.1513
963,481.5,875.0297432,-43.46578018,0.1513
964,482.0,777.8042162,-43.51153024,0.1513
965,482.5,680.5786892,-43.55189794,0.1513
966,483.0,583.3531621,-43.58688328,0.1513
967,483.5,486.1276351,-43.61648626,0.1513
968,484.0,388.9021081,-43.64070687,0.1513
969,484.5,291.6765811,-43.65954513,0.1513
970,485.0,194.451054,-43.67300103,0.1513
971,485.5,97.22552702,-43.68107457,0.1513
972,486.0,0.0,0.0,0.5693
973,486.5,0.0,0.0,0.5693
974,487.0,0.0,0.0,0.5693
975,487.5,0.0,0.0,0.5693
976,488.0,0.0,0.0,0.5693
977,488.5,0.0,0.0,0.5693
978,489.0,0.0,0.0,0.5693
979,489.5,0.0,0.0,0.5693
980,490.0,0.0,0.0,0.5693
981,490.5,0.0,0.0,0.5693
982,491.0,0.0,0.0,0.5693
983,491.5,0.0,0.0,0.5693
984,492.0,0.0,0.0,0.5693
985,492.5,0.0,0.0,0.5693
986,493.0,0.0,0.0,0.5693
987,493.5,0.0,0.0,0.5693
988,494.0,0.0,0.0,0.5693
989,494.5,0.0,0.0,0.5693
990,495.0,0.0,0.0,0.5693
991,495.5,0.0,0.0,0.5693
992,496.0,0.0,0.0,0.5693
993,496.5,0.0,0.0,0.5693
994,497.0,0.0,0.0,0.5693
995,497.5,0.0,0.0,0.5693
996,498.0,0.0,0.0,0.5693
997,498.5,0.0,0.0,0.5693
998,499.0,0.0,0.0,0.5693
999,499.5,0.0,0.0,0.5693
1000,500.0,0.0,0.0,0.5693
1001,500.5,0.0,0.0,0.5693
1002,501.0,0.0,0.0,0.5693
1003,501.5,0.0,0.0,0.5693
1004,502.0,0.0,0.0,0.5693
1005,502.5,0.0,0.0,0.5693
1006,503.0,0.0,0.0,0.5693
1007,503.5,0.0,0.0,0.5693
1008,504.0,0.0,0.0,0.5693
1009,504.5,0.0,0.0,0.5693
1010,505.0,0.0,0.0,0.5693
1011,505.5,0.0,0.0,0.5693
1012,506.0,0.0,0.0,0.5693
1013,506.5,0.0,0.0,0.5693
1014,507.0,0.0,0.0,0.5693
1015,507.5,208.8829682,116.9274155,0.4338
1016,508.0,417.7659364,116.9646812,0.4338
1017,508.5,626.6489047,117.0267908,0.4338
1018,509.0,835.5318729,117.1137441,0.4338
1019,509.5,1044.414841,117.2255412,0.4338
1020,510.0,1253.297809,117.3621822,0.5365
1021,510.5,1462.180778,117.5236669,0.5365
1022,511.0,1671.063746,117.7099955,0.6381
1023,511.5,1879.946714,117.9211679,0.7393
1024,512.0,2088.829682,118.1571841,0.8408
1025,512.5,2297.71265,118.4180441,0.943
1026,513.0,2506.595619,118.7037479,1.0468
1027,513.5,2715.478587,119.0142955,1.0468
1028,514.0,2924.361555,119.3496869,1.154
1029,514.5,3133.244523,119.7099221,1.2673
1030,515.0,3342.127491,120.0950012,1.541
1031,515.5,3342.127491,10.50527702,0.4701
1032,516.0,3342.127491,10.50527702,0.4701
1033,516.5,3342.127491,10.50527702,0.4701
1034,517.0,3342.127491,10.50527702,0.4701
1035,517.5,3342.127491,10.50527702,0.4701
1036,518.0,3342.127491,10.50527702,0.4701
1037,518.5,3342.127491,10.50527702,0.4701
1038,519.0,3342.127491,10.50527702,0.4701
1039,519.5,3342.127491,10.50527702,0.4701
1040,520.0,3342.127491,10.50527702,0.4701
1041,520.5,3342.127491,10.50527702,0.4701
1042,521.0,3342.127491,10.50527702,0.4701
1043,521.5,3342.127491,10.50527702,0.4701
1044,522.0,3342.127491,10.50527702,0.4701
1045,522.5,3342.127491,10.50527702,0.4701
1046,523.0,3342.127491,10.50527702,0.4701
1047,523.5,3342.127491,10.50527702,0.4701
1048,524.0,3342.127491,10.50527702,0.4701
1049,524.5,3342.127491,10.50527702,0.4701
1050,525.0,3342.127491,10.50527702,0.4701
1051,525.5,3342.127491,10.50527702,0.4701
1052,526.0,3342.127491,10.50527702,0.4701
1053,526.5,3342.127491,10.50527702,0.4701
1054,527.0,3342.127491,10.50527702,0.4701
1055,527.5,3342.127491,10.50527702,0.4701
1056,528.0,3342.127491,10.50527702,0.4701
1057,528.5,3342.127491,10.50527702,0.4701
1058,529.0,3342.127491,10.50527702,0.4701
1059,529.5,3342.127491,10.50527702,0.4701
1060,530.0,3342.127491,10.50527702,0.4701
1061,530.5,3342.127491,10.50527702,0.4701
1062,531.0,3342.127491,10.50527702,0.4701
1063,531.5,3342.127491,10.50527702,0.4701
1064,532.0,3342.127491,10.50527702,0.4701
1065,532.5,3342.127491,10.50527702,0.4701
1066,533.0,3342.127491,10.50527702,0.4701
1067,533.5,3342.127491,10.50527702,0.4701
1068,534.0,3342.127491,10.50527702,0.4701
1069,534.5,3342.127491,10.50527702,0.4701
1070,535.0,3342.127491,10.50527702,0.4701
1071,535.5,3342.127491,10.50527702,0.4701
1072,536.0,3342.127491,10.50527702,0.4701
1073,536.5,3342.127491,10.50527702,0.4701
1074,537.0,3342.127491,10.50527702,0.4701
1075,537.5,3342.127491,10.50527702,0.4701
1076,538.0,3342.127491,10.50527702,0.4701
1077,538.5,3342.127491,10.50527702,0.4701
1078,539.0,3342.127491,10.50527702,0.4701
1079,539.5,3342.127491,10.50527702,0.4701
1080,540.0,3342.127491,10.50527702,0.4701
1081,540.5,3342.127491,10.50527702,0.4701
1082,541.0,3342.127491,10.50527702,0.4701
1083,541.5,3342.127491,10.50527702,0.4701
1084,542.0,3342.127491,10.50527702,0.4701
1085,542.5,3342.127491,10.50527702,0.4701
1086,543.0,3342.127491,10.50527702,0.4701
1087,543.5,3342.127491,10.50527702,0.4701
1088,544.0,3342.127491,10.50527702,0.4701
1089,544.5,3342.127491,10.50527702,0.4701
1090,545.0,3342.127491,10.50527702,0.4701
1091,545.5,3279.462601,-22.48977253,0.4701
1092,546.0,3216.797711,-22.6056689,0.42
1093,546.5,3154.13282,-22.71932932,0.42
1094,547.0,3091.46793,-22.83075381,0.42
1095,547.5,3028.803039,-22.93994235,0.42
1096,548.0,2966.138149,-23.04689494,0.3773
1097,548.5,2903.473258,-23.1516116,0.3773
1098,549.0,2840.808368,-23.25409231,0.3773
1099,549.5,2778.143477,-23.35433708,0.3773
1100,550.0,2715.478587,-23.45234591,0.3407
1101,550.5,2652.813696,-23.54811879,0.3407
1102,551.0,2590.148806,-23.64165573,0.3407
1103,551.5,2527.483915,-23.73295673,0.3407
1104,552.0,2464.819025,-23.82202178,0.3076
1105,552.5,2402.154135,-23.9088509,0.3076
1106,553.0,2339.489244,-23.99344406,0.3076
1107,553.5,2339.489244,8.883473175,0.3076
1108,554.0,2339.489244,8.883473175,0.3076
1109,554.5,2339.489244,8.883473175,0.3076
1110,555.0,2339.489244,8.883473175,0.3076
1111,555.5,2339.489244,8.883473175,0.3076
1112,556.0,2339.489244,8.883473175,0.3076
1113,556.5,2339.489244,8.883473175,0.3076
1114,557.0,2339.489244,8.883473175,0.3076
1115,557.5,2339.489244,8.883473175,0.3076
1116,558.0,2339.489244,8.883473175,0.3076
1117,558.5,2339.489244,8.883473175,0.3076
1118,559.0,2339.489244,8.883473175,0.3076
1119,559.5,2339.489244,8.883473175,0.3076
1120,560.0,2339.489244,8.883473175,0.3076
1121,560.5,2339.489244,8.883473175,0.3076
1122,561.0,2339.489244,8.883473175,0.3076
1123,561.5,2339.489244,8.883473175,0.3076
1124,562.0,2339.489244,8.883473175,0.3076
1125,562.5,2339.489244,8.883473175,0.3076
1126,563.0,2339.489244,8.883473175,0.3076
1127,563.5,2339.489244,8.883473175,0.3076
1128,564.0,2339.489244,8.883473175,0.3076
1129,564.5,2339.489244,8.883473175,0.3076
1130,565.0,2339.489244,8.883473175,0.3076
1131,565.5,2339.489244,8.883473175,0.3076
1132,566.0,2339.489244,8.883473175,0.3076
1133,566.5,2339.489244,8.883473175,0.3076
1134,567.0,2339.489244,8.883473175,0.3076
1135,567.5,2339.489244,8.883473175,0.3076
1136,568.0,2339.489244,8.883473175,0.3076
1137,568.5,2222.514782,-52.6386972,0.2759
1138,569.0,2105.54032,-52.78283104,0.2759
1139,569.5,1988.565857,-52.91917386,0.2451
1140,570.0,1871.591395,-53.04772567,0.2451
1141,570.5,1754.616933,-53.16848646,0.2451
1142,571.0,1637.642471,-53.28145622,0.2145
1143,571.5,1520.668009,-53.38663497,0.2145
1144,572.0,1403.693546,-53.4840227,0.1834
1145,572.5,1286.719084,-53.57361942,0.1834
1146,573.0,1169.744622,-53.65542511,0.1513
1147,573.5,1052.77016,-53.72943979,0.1513
1148,574.0,935.7956976,-53.79566344,0.1513
1149,574.5,818.8212354,-53.85409608,0.1513
1150,575.0,701.8467732,-53.9047377,0.1513
1151,575.5,584.872311,-53.9475883,0.1513
1152,576.0,467.8978488,-53.98264789,0.1513
1153,576.5,350.9233866,-54.00991645,0.1513
1154,577.0,233.9489244,-54.029394,0.1513
1155,577.5,116.9744622,-54.04108053,0.1513
1156,578.0,0.0,0.0,0.5693
1157,578.5,0.0,0.0,0.5693
1158,579.0,0.0,0.0,0.5693
1159,579.5,0.0,0.0,0.5693
1160,580.0,0.0,0.0,0.5693
1161,580.5,0.0,0.0,0.5693
1162,581.0,0.0,0.0,0.5693
1163,581.5,0.0,0.0,0.5693
1164,582.0,0.0,0.0,0.5693
1165,582.5,0.0,0.0,0.5693
1166,583.0,0.0,0.0,0.5693
1167,583.5,0.0,0.0,0.5693
1168,584.0,0.0,0.0,0.5693
1169,584.5,0.0,0.0,0.5693
1170,585.0,0.0,0.0,0.5693
1171,585.5,0.0,0.0,0.5693
1172,586.0,0.0,0.0,0.5693
1173,586.5,0.0,0.0,0.5693
1174,587.0,0.0,0.0,0.5693
1175,587.5,0.0,0.0,0.5693
1176,588.0,0.0,0.0,0.5693
1177,588.5,0.0,0.0,0.5693
1178,589.0,0.0,0.0,0.5693
1179,589.5,0.0,0.0,0.5693
1180,590.0,0.0,0.0,0.5693
1181,590.5,0.0,0.0,0.5693
1182,591.0,0.0,0.0,0.5693
1183,591.5,0.0,0.0,0.5693
1184,592.0,0.0,0.0,0.5693
1185,592.5,0.0,0.0,0.5693
1186,593.0,0.0,0.0,0.5693
1187,593.5,0.0,0.0,0.5693
1188,594.0,0.0,0.0,0.5693
1189,594.5,0.0,0.0,0.5693
1190,595.0,0.0,0.0,0.5693
1191,595.5,0.0,0.0,0.5693
1192,596.0,0.0,0.0,0.5693
1193,596.5,125.3297809,73.08357584,0.2925
1194,597.0,250.6595619,73.0969915,0.2925
1195,597.5,375.9893428,73.11935093,0.2925
1196,598.0,501.3191237,73.15065413,0.2925
1197,598.5,626.6489047,73.1909011,0.2925
1198,599.0,751.9786856,73.24009184,0.2925
1199,599.5,877.3084665,73.29822635,0.2925
1200,600.0,1002.638247,73.36530464,0.2925
1201,600.5,1002.638247,7.611470158,0.1513
1202,601.0,1002.638247,7.611470158,0.1513
1203,601.5,1002.638247,7.611470158,0.1513
1204,602.0,1002.638247,7.611470158,0.1513
1205,602.5,1002.638247,7.611470158,0.1513
1206,603.0,1002.638247,7.611470158,0.1513
1207,603.5,1002.638247,7.611470158,0.1513
1208,604.0,1002.638247,7.611470158,0.1513
1209,604.5,1002.638247,7.611470158,0.1513
1210,605.0,1002.638247,7.611470158,0.1513
1211,605.5,1002.638247,7.611470158,0.1513
1212,606.0,1002.638247,7.611470158,0.1513
1213,606.5,1002.638247,7.611470158,0.1513
1214,607.0,1002.638247,7.611470158,0.1513
1215,607.5,1002.638247,7.611470158,0.1513
1216,608.0,1002.638247,7.611470158,0.1513
1217,608.5,902.3744227,-45.04597555,0.1513
1218,609.0,802.110598,-45.09462967,0.1513
1219,609.5,701.8467732,-45.13755977,0.1513
1220,610.0,601.5829485,-45.17476586,0.1513
1221,610.5,501.3191237,-45.20624793,0.1513
1222,611.0,401.055299,-45.232006,0.1513
1223,611.5,300.7914742,-45.25204004,0.1513
1224,612.0,200.5276495,-45.26635008,0.1513
1225,612.5,100.2638247,-45.2749361,0.1513
1226,613.0,0.0,0.0,0.5693
1227,613.5,0.0,0.0,0.5693
1228,614.0,0.0,0.0,0.5693
1229,614.5,0.0,0.0,0.5693
1230,615.0,0.0,0.0,0.5693
1231,615.5,0.0,0.0,0.5693
1232,616.0,0.0,0.0,0.5693
1233,616.5,0.0,0.0,0.5693
1234,617.0,0.0,0.0,0.5693
1235,617.5,0.0,0.0,0.5693
1236,618.0,0.0,0.0,0.5693
1237,618.5,0.0,0.0,0.5693
1238,619.0,0.0,0.0,0.5693
1239,619.5,0.0,0.0,0.5693
1240,620.0,0.0,0.0,0.5693
1241,620.5,0.0,0.0,0.5693
1242,621.0,0.0,0.0,0.5693
1243,621.5,0.0,0.0,0.5693
1244,622.0,0.0,0.0,0.5693
1245,622.5,0.0,0.0,0.5693
1246,623.0,0.0,0.0,0.5693
1247,623.5,0.0,0.0,0.5693
1248,624.0,0.0,0.0,0.5693
1249,624.5,0.0,0.0,0.5693
1250,625.0,0.0,0.0,0.5693
1251,625.5,0.0,0.0,0.5693
1252,626.0,0.0,0.0,0.5693
1253,626.5,0.0,0.0,0.5693
1254,627.0,0.0,0.0,0.5693
1255,627.5,0.0,0.0,0.5693
1256,628.0,0.0,0.0,0.5693
1257,628.5,0.0,0.0,0.5693
1258,629.0,0.0,0.0,0.5693
1259,629.5,0.0,0.0,0.5693
1260,630.0,0.0,0.0,0.5693
1261,630.5,0.0,0.0,0.5693
1262,631.0,0.0,0.0,0.5693
1263,631.5,0.0,0.0,0.5693
1264,632.0,0.0,0.0,0.5693
1265,632.5,0.0,0.0,0.5693
1266,633.0,0.0,0.0,0.5693
1267,633.5,0.0,0.0,0.5693
1268,634.0,0.0,0.0,0.5693
1269,634.5,89.12339977,54.08581311,0.2455
1270,635.0,178.2467995,54.09259713,0.2455
1271,635.5,267.3701993,54.10390382,0.2455
1272,636.0,356.4935991,54.11973319,0.2455
1273,636.5,445.6169989,54.14008524,0.2455
1274,637.0,534.7403986,54.16495997,0.2455
1275,637.5,623.8637984,54.19435737,0.2455
1276,638.0,712.9871982,54.22827745,0.2455
1277,638.5,802.110598,54.26672021,0.2455
1278,639.0,891.2339977,54.30968564,0.2455
1279,639.5,980.3573975,54.35717376,0.2455
1280,640.0,1069.480797,54.40918455,0.2455
1281,640.5,1158.604197,54.46571801,0.2455
1282,641.0,1247.727597,54.52677416,0.2455
1283,641.5,1336.850997,54.59235298,0.3011
1284,642.0,1425.974396,54.66245448,0.3011
1285,642.5,1515.097796,54.73707866,0.3557
1286,643.0,1604.221196,54.81622551,0.3557
1287,643.5,1693.344596,54.89989504,0.3557
1288,644.0,1782.467995,54.98808725,0.4098
1289,644.5,1871.591395,55.08080214,0.4098
1290,645.0,1960.714795,55.1780397,0.4098
1291,645.5,2049.838195,55.27979995,0.4642
1292,646.0,2138.961595,55.38608286,0.4642
1293,646.5,2138.961595,8.627800568,0.2759
1294,647.0,2138.961595,8.627800568,0.2759
1295,647.5,2138.961595,8.627800568,0.2759
1296,648.0,2138.961595,8.627800568,0.2759
1297,648.5,2138.961595,8.627800568,0.2759
1298,649.0,2138.961595,8.627800568,0.2759
1299,649.5,2138.961595,8.627800568,0.2759
1300,650.0,2138.961595,8.627800568,0.2759
1301,650.5,2138.961595,8.627800568,0.2759
1302,651.0,2138.961595,8.627800568,0.2759
1303,651.5,2138.961595,8.627800568,0.2759
1304,652.0,2138.961595,8.627800568,0.2759
1305,652.5,2138.961595,8.627800568,0.2759
1306,653.0,2138.961595,8.627800568,0.2759
1307,653.5,2138.961595,8.627800568,0.2759
1308,654.0,2138.961595,8.627800568,0.2759
1309,654.5,2138.961595,8.627800568,0.2759
1310,655.0,2138.961595,8.627800568,0.2759
1311,655.5,2138.961595,8.627800568,0.2759
1312,656.0,2138.961595,8.627800568,0.2759
1313,656.5,2138.961595,8.627800568,0.2759
1314,657.0,2138.961595,8.627800568,0.2759
1315,657.5,2138.961595,8.627800568,0.2759
1316,658.0,2138.961595,8.627800568,0.2759
1317,658.5,2138.961595,8.627800568,0.2759
1318,659.0,2138.961595,8.627800568,0.2759
1319,659.5,2138.961595,8.627800568,0.2759
1320,660.0,2138.961595,8.627800568,0.2759
1321,660.5,2138.961595,8.627800568,0.2759
1322,661.0,2138.961595,8.627800568,0.2759
1323,661.5,2138.961595,8.627800568,0.2759
1324,662.0,2138.961595,8.627800568,0.2759
1325,662.5,2138.961595,8.627800568,0.2759
1326,663.0,2138.961595,8.627800568,0.2759
1327,663.5,2138.961595,8.627800568,0.2759
1328,664.0,2138.961595,8.627800568,0.2759
1329,664.5,2138.961595,8.627800568,0.2759
1330,665.0,2138.961595,8.627800568,0.2759
1331,665.5,2138.961595,8.627800568,0.2759
1332,666.0,2138.961595,8.627800568,0.2759
1333,666.5,2138.961595,8.627800568,0.2759
1334,667.0,2138.961595,8.627800568,0.2759
1335,667.5,2138.961595,8.627800568,0.2759
1336,668.0,2138.961595,8.627800568,0.2759
1337,668.5,2138.961595,8.627800568,0.2759
1338,669.0,2138.961595,8.627800568,0.2759
1339,669.5,2138.961595,8.627800568,0.2759
1340,670.0,2138.961595,8.627800568,0.2759
1341,670.5,2041.736068,-42.4969554,0.2759
1342,671.0,1944.51054,-42.60729378,0.2451
1343,671.5,1847.285013,-42.7122498,0.2451
1344,672.0,1750.059486,-42.81182345,0.2451
1345,672.5,1652.833959,-42.90601475,0.2145
1346,673.0,1555.608432,-42.99482369,0.2145
1347,673.5,1458.382905,-43.07825027,0.1834
1348,674.0,1361.157378,-43.15629449,0.1834
1349,674.5,1263.931851,-43.22895634,0.1834
1350,675.0,1166.706324,-43.29623584,0.1513
1351,675.5,1069.480797,-43.35813298,0.1513
1352,676.0,972.2552702,-43.41464776,0.1513
1353,676.5,875.0297432,-43.46578018,0.1513
1354,677.0,777.8042162,-43.51153024,0.1513
1355,677.5,680.5786892,-43.55189794,0.1513
1356,678.0,583.3531621,-43.58688328,0.1513
1357,678.5,486.1276351,-43.61648626,0.1513
1358,679.0,388.9021081,-43.64070687,0.1513
1359,679.5,291.6765811,-43.65954513,0.1513
1360,680.0,194.451054,-43.67300103,0.1513
1361,680.5,97.22552702,-43.68107457,0.1513
1362,681.0,0.0,0.0,0.5693
1363,681.5,0.0,0.0,0.5693
1364,682.0,0.0,0.0,0.5693
1365,682.5,0.0,0.0,0.5693
1366,683.0,0.0,0.0,0.5693
1367,683.5,0.0,0.0,0.5693
1368,684.0,0.0,0.0,0.5693
1369,684.5,0.0,0.0,0.5693
1370,685.0,0.0,0.0,0.5693
1371,685.5,0.0,0.0,0.5693
1372,686.0,0.0,0.0,0.5693
1373,686.5,0.0,0.0,0.5693
1374,687.0,0.0,0.0,0.5693
1375,687.5,0.0,0.0,0.5693
1376,688.0,0.0,0.0,0.5693
1377,688.5,0.0,0.0,0.5693
1378,689.0,0.0,0.0,0.5693
1379,689.5,0.0,0.0,0.5693
1380,690.0,0.0,0.0,0.5693
1381,690.5,0.0,0.0,0.5693
1382,691.0,0.0,0.0,0.5693
1383,691.5,0.0,0.0,0.5693
1384,692.0,0.0,0.0,0.5693
1385,692.5,0.0,0.0,0.5693
1386,693.0,0.0,0.0,0.5693
1387,693.5,0.0,0.0,0.5693
1388,694.0,0.0,0.0,0.5693
1389,694.5,0.0,0.0,0.5693
1390,695.0,0.0,0.0,0.5693
1391,695.5,0.0,0.0,0.5693
1392,696.0,0.0,0.0,0.5693
1393,696.5,0.0,0.0,0.5693
1394,697.0,0.0,0.0,0.5693
1395,697.5,0.0,0.0,0.5693
1396,698.0,0.0,0.0,0.5693
1397,698.5,0.0,0.0,0.5693
1398,699.0,0.0,0.0,0.5693
1399,699.5,0.0,0.0,0.5693
1400,700.0,0.0,0.0,0.5693
1401,700.5,0.0,0.0,0.5693
1402,701.0,0.0,0.0,0.5693
1403,701.5,0.0,0.0,0.5693
1404,702.0,0.0,0.0,0.5693
1405,702.5,208.8829682,116.9274155,0.4338
1406,703.0,417.7659364,116.9646812,0.4338
1407,703.5,626.6489047,117.0267908,0.4338
1408,704.0,835.5318729,117.1137441,0.4338
1409,704.5,1044.414841,117.2255412,0.4338
1410,705.0,1253.297809,117.3621822,0.5365
1411,705.5,1462.180778,117.5236669,0.5365
1412,706.0,1671.063746,117.7099955,0.6381
1413,706.5,1879.946714,117.9211679,0.7393
1414,707.0,2088.829682,118.1571841,0.8408
1415,707.5,2297.71265,118.4180441,0.943
1416,708.0,2506.595619,118.7037479,1.0468
1417,708.5,2715.478587,119.0142955,1.0468
1418,709.0,2924.361555,119.3496869,1.154
1419,709.5,3133.244523,119.7099221,1.2673
1420,710.0,3342.127491,120.0950012,1.541
1421,710.5,3342.127491,10.50527702,0.4701
1422,711.0,3342.127491,10.50527702,0.4701
1423,711.5,3342.127491,10.50527702,0.4701
1424,712.0,3342.127491,10.50527702,0.4701
1425,712.5,3342.127491,10.50527702,0.4701
1426,713.0,3342.127491,10.50527702,0.4701
1427,713.5,3342.127491,10.50527702,0.4701
1428,714.0,3342.127491,10.50527702,0.4701
1429,714.5,3342.127491,10.50527702,0.4701
1430,715.0,3342.127491,10.50527702,0.4701
1431,715.5,3342.127491,10.50527702,0.4701
1432,716.0,3342.127491,10.50527702,0.4701
1433,716.5,3342.127491,10.50527702,0.4701
1434,717.0,3342.127491,10.50527702,0.4701
1435,717.5,3342.127491,10.50527702,0.4701
1436,718.0,3342.127491,10.50527702,0.4701
1437,718.5,3342.127491,10.50527702,0.4701
1438,719.0,3342.127491,10.50527702,0.4701
1439,719.5,3342.127491,10.50527702,0.4701
1440,720.0,3342.127491,10.50527702,0.4701
1441,720.5,3342.127491,10.50527702,0.4701
1442,721.0,3342.127491,10.50527702,0.4701
1443,721.5,3342.127491,10.50527702,0.4701
1444,722.0,3342.127491,10.50527702,0.4701
1445,722.5,3342.127491,10.50527702,0.4701
1446,723.0,3342.127491,10.50527702,0.4701
1447,723.5,3342.127491,10.50527702,0.4701
1448,724.0,3342.127491,10.50527702,0.4701
1449,724.5,3342.127491,10.50527702,0.4701
1450,725.0,3342.127491,10.50527702,0.4701
1451,725.5,3342.127491,10.50527702,0.4701
1452,726.0,3342.127491,10.50527702,0.4701
1453,726.5,3342.127491,10.50527702,0.4701
1454,727.0,3342.127491,10.50527702,0.4701
1455,727.5,3342.127491,10.50527702,0.4701
1456,728.0,3342.127491,10.50527702,0.4701
1457,728.5,3342.127491,10.50527702,0.4701
1458,729.0,3342.127491,10.50527702,0.4701
1459,729.5,3342.127491,10.50527702,0.4701
1460,730.0,3342.127491,10.50527702,0.4701
1461,730.5,3342.127491,10.50527702,0.4701
1462,731.0,3342.127491,10.50527702,0.4701
1463,731.5,3342.127491,10.50527702,0.4701
1464,732.0,3342.127491,10.50527702,0.4701
1465,732.5,3342.127491,10.50527702,0.4701
1466,733.0,3342.127491,10.50527702,0.4701
1467,733.5,3342.127491,10.50527702,0.4701
1468,734.0,3342.127491,10.50527702,0.4701
1469,734.5,3342.127491,10.50527702,0.4701
1470,735.0,3342.127491,10.50527702,0.4701
1471,735.5,3342.127491,10.50527702,0.4701
1472,736.0,3342.127491,10.50527702,0.4701
1473,736.5,3342.127491,10.50527702,0.4701
1474,737.0,3342.127491,10.50527702,0.4701
1475,737.5,3342.127491,10.50527702,0.4701
1476,738.0,3342.127491,10.50527702,0.4701
1477,738.5,3342.127491,10.50527702,0.4701
1478,739.0,3342.127491,10.50527702,0.4701
1479,739.5,3342.127491,10.50527702,0.4701
1480,740.0,3342.127491,10.50527702,0.4701
1481,740.5,3279.462601,-22.48977253,0.4701
1482,741.0,3216.797711,-22.6056689,0.42
1483,741.5,3154.13282,-22.71932932,0.42
1484,742.0,3091.46793,-22.83075381,0.42
1485,742.5,3028.803039,-22.93994235,0.42
1486,743.0,2966.138149,-23.04689494,0.3773
1487,743.5,2903.473258,-23.1516116,0.3773
1488,744.0,2840.808368,-23.25409231,0.3773
1489,744.5,2778.143477,-23.35433708,0.3773
1490,745.0,2715.478587,-23.45234591,0.3407
1491,745.5,2652.813696,-23.54811879,0.3407
1492,746.0,2590.148806,-23.64165573,0.3407
1493,746.5,2527.483915,-23.73295673,0.3407
1494,747.0,2464.819025,-23.82202178,0.3076
1495,747.5,2402.154135,-23.9088509,0.3076
1496,748.0,2339.489244,-23.99344406,0.3076
1497,748.5,2339.489244,8.883473175,0.3076
1498,749.0,2339.489244,8.883473175,0.3076
1499,749.5,2339.489244,8.883473175,0.3076
1500,750.0,2339.489244,8.883473175,0.3076
1501,750.5,2339.489244,8.883473175,0.3076
1502,751.0,2339.489244,8.883473175,0.3076
1503,751.5,2339.489244,8.883473175,0.3076
1504,752.0,2339.489244,8.883473175,0.3076
1505,752.5,2339.489244,8.883473175,0.3076
1506,753.0,2339.489244,8.883473175,0.3076
1507,753.5,2339.489244,8.883473175,0.3076
1508,754.0,2339.489244,8.883473175,0.3076
1509,754.5,2339.489244,8.883473175,0.3076
1510,755.0,2339.489244,8.883473175,0.3076
1511,755.5,2339.489244,8.883473175,0.3076
1512,756.0,2339.489244,8.883473175,0.3076
1513,756.5,2339.489244,8.883473175,0.3076
1514,757.0,2339.489244,8.883473175,0.3076
1515,757.5,2339.489244,8.883473175,0.3076
1516,758.0,2339.489244,8.883473175,0.3076
1517,758.5,2339.489244,8.883473175,0.3076
1518,759.0,2339.489244,8.883473175,0.3076
1519,759.5,2339.489244,8.883473175,0.3076
1520,760.0,2339.489244,8.883473175,0.3076
1521,760.5,2339.489244,8.883473175,0.3076
1522,761.0,2339.489244,8.883473175,0.3076
1523,761.5,2339.489244,8.883473175,0.3076
1524,762.0,2339.489244,8.883473175,0.3076
1525,762.5,2339.489244,8.883473175,0.3076
1526,763.0,2339.489244,8.883473175,0.3076
1527,763.5,2222.514782,-52.6386972,0.2759
1528,764.0,2105.54032,-52.78283104,0.2759
1529,764.5,1988.565857,-52.91917386,0.2451
1530,765.0,1871.591395,-53.04772567,0.2451
1531,765.5,1754.616933,-53.16848646,0.2451
1532,766.0,1637.642471,-53.28145622,0.2145
1533,766.5,1520.668009,-53.38663497,0.2145
1534,767.0,1403.693546,-53.4840227,0.1834
1535,767.5,1286.719084,-53.57361942,0.1834
1536,768.0,1169.744622,-53.65542511,0.1513
1537,768.5,1052.77016,-53.72943979,0.1513
1538,769.0,935.7956976,-53.79566344,0.1513
1539,769.5,818.8212354,-53.85409608,0.1513
1540,770.0,701.8467732,-53.9047377,0.1513
1541,770.5,584.872311,-53.9475883,0.1513
1542,771.0,467.8978488,-53.98264789,0.1513
1543,771.5,350.9233866,-54.00991645,0.1513
1544,772.0,233.9489244,-54.029394,0.1513
1545,772.5,116.9744622,-54.04108053,0.1513
1546,773.0,0.0,0.0,0.5693
1547,773.5,0.0,0.0,0.5693
1548,774.0,0.0,0.0,0.5693
1549,774.5,0.0,0.0,0.5693
1550,775.0,0.0,0.0,0.5693
1551,775.5,0.0,0.0,0.5693
1552,776.0,0.0,0.0,0.5693
1553,776.5,0.0,0.0,0.5693
1554,777.0,0.0,0.0,0.5693
1555,777.5,0.0,0.0,0.5693
1556,778.0,0.0,0.0,0.5693
1557,778.5,0.0,0.0,0.5693
1558,779.0,0.0,0.0,0.5693
1559,779.5,0.0,0.0,0.5693
1560,780.0,0.0,0.0,0.5693
1561,780.5,0.0,0.0,0.5693
1562,781.0,0.0,0.0,0.5693
1563,781.5,0.0,0.0,0.5693
1564,782.0,0.0,0.0,0.5693
1565,782.5,0.0,0.0,0.5693
1566,783.0,0.0,0.0,0.5693
1567,783.5,0.0,0.0,0.5693
1568,784.0,0.0,0.0,0.5693
1569,784.5,0.0,0.0,0.5693
1570,785.0,0.0,0.0,0.5693
1571,785.5,0.0,0.0,0.5693
1572,786.0,0.0,0.0,0.5693
1573,786.5,0.0,0.0,0.5693
1574,787.0,0.0,0.0,0.5693
1575,787.5,0.0,0.0,0.5693
1576,788.0,0.0,0.0,0.5693
1577,788.5,0.0,0.0,0.5693
1578,789.0,0.0,0.0,0.5693
1579,789.5,0.0,0.0,0.5693
1580,790.0,0.0,0.0,0.5693
1581,790.5,0.0,0.0,0.5693
1582,791.0,0.0,0.0,0.5693
1583,791.5,0.0,0.0,0.5693
1584,792.0,0.0,0.0,0.5693
1585,792.5,0.0,0.0,0.5693
1586,793.0,0.0,0.0,0.5693
1587,793.5,0.0,0.0,0.5693
1588,794.0,0.0,0.0,0.5693
1589,794.5,0.0,0.0,0.5693
1590,795.0,0.0,0.0,0.5693
1591,795.5,0.0,0.0,0.5693
1592,796.0,0.0,0.0,0.5693
1593,796.5,0.0,0.0,0.5693
1594,797.0,0.0,0.0,0.5693
1595,797.5,0.0,0.0,0.5693
1596,798.0,0.0,0.0,0.5693
1597,798.5,0.0,0.0,0.5693
1598,799.0,0.0,0.0,0.5693
1599,799.5,0.0,0.0,0.5693
1600,800.0,0.0,0.0,0.5693
1601,800.5,83.55318729,51.16314664,0.2455
1602,801.0,167.1063746,51.16910915,0.2455
1603,801.5,250.6595619,51.17904667,0.2455
1604,802.0,334.2127491,51.19295921,0.2455
1605,802.5,417.7659364,51.21084675,0.2455
1606,803.0,501.3191237,51.2327093,0.2455
1607,803.5,584.872311,51.25854686,0.2455
1608,804.0,668.4254983,51.28835943,0.2455
1609,804.5,751.9786856,51.32214701,0.2455
1610,805.0,835.5318729,51.3599096,0.2455
1611,805.5,919.0850602,51.4016472,0.2455
1612,806.0,1002.638247,51.44735981,0.2455
1613,806.5,1063.404202,39.52785941,0.1984
1614,807.0,1124.170156,39.56570413,0.1984
1615,807.5,1184.936111,39.60565133,0.1984
1616,808.0,1245.702065,39.64770102,0.1984
1617,808.5,1306.468019,39.69185319,0.2423
1618,809.0,1367.233974,39.73810784,0.2423
1619,809.5,1427.999928,39.78646498,0.2423
1620,810.0,1488.765883,39.83692461,0.2423
1621,810.5,1549.531837,39.88948672,0.2851
1622,811.0,1610.297791,39.94415131,0.2851
1623,811.5,1671.063746,40.00091838,0.2851
1624,812.0,1731.8297,40.05978795,0.2851
1625,812.5,1792.595655,40.12075999,0.3274
1626,813.0,1853.361609,40.18383452,0.3274
1627,813.5,1914.127563,40.24901154,0.3274
1628,814.0,1974.893518,40.31629103,0.3274
1629,814.5,2035.659472,40.38567302,0.37
1630,815.0,2096.425426,40.45715748,0.37
1631,815.5,2157.191381,40.53074443,0.37
1632,816.0,2217.957335,40.60643387,0.37
1633,816.5,2278.72329,40.68422579,0.4135
1634,817.0,2339.489244,40.76412019,0.4135
1635,817.5,2389.621156,35.25250263,0.4135
1636,818.0,2439.753069,35.32142929,0.4135
1637,818.5,2489.884981,35.39178696,0.4135
1638,819.0,2540.016894,35.46357563,0.4584
1639,819.5,2590.148806,35.5367953,0.4584
1640,820.0,2640.280718,35.61144598,0.4584
1641,820.5,2690.412631,35.68752766,0.4584
1642,821.0,2740.544543,35.76504034,0.4584
1643,821.5,2790.676455,35.84398403,0.5068
1644,822.0,2840.808368,35.92435872,0.5068
1645,822.5,2890.94028,36.00616441,0.5068
1646,823.0,2941.072193,36.08940111,0.5068
1647,823.5,2991.204105,36.17406881,0.5068
1648,824.0,3041.336017,36.26016752,0.5612
1649,824.5,3091.46793,36.34769722,0.5612
1650,825.0,3141.599842,36.43665794,0.5612
1651,825.5,3191.731754,36.52704965,0.5612
1652,826.0,3241.863667,36.61887237,0.5612
1653,826.5,3291.995579,36.71212609,0.6231
1654,827.0,3342.127491,36.80681081,0.6231
1655,827.5,3389.87217,35.64586316,0.6231
1656,828.0,3437.616848,35.73866746,0.6231
1657,828.5,3485.361527,35.83276973,0.6231
1658,829.0,3533.106205,35.92816995,0.6938
1659,829.5,3580.850884,36.02486814,0.6938
1660,830.0,3628.595562,36.12286429,0.6938
1661,830.5,3676.340241,36.22215841,0.6938
1662,831.0,3724.084919,36.32275048,0.6938
1663,831.5,3771.829598,36.42464052,0.6938
1664,832.0,3819.574276,36.52782852,0.6938
1665,832.5,3867.318954,36.63231448,0.6938
1666,833.0,3915.063633,36.73809841,0.6938
1667,833.5,3962.808311,36.84518029,0.6938
1668,834.0,4010.55299,36.95356014,0.8672
1669,834.5,4058.297668,37.06323795,0.8672
1670,835.0,4106.042347,37.17421373,0.8672
1671,835.5,4153.787025,37.28648746,0.8672
1672,836.0,4201.531704,37.40005916,0.8672
1673,836.5,4249.276382,37.51492882,0.8672
1674,837.0,4297.02106,37.63109644,0.8672
1675,837.5,4344.765739,37.74856203,0.8672
1676,838.0,4392.510417,37.86732557,0.8672
1677,838.5,4440.255096,37.98738708,0.8672
1678,839.0,4487.999774,38.10874656,0.8672
1679,839.5,4535.744453,38.23140399,0.8672
1680,840.0,4583.489131,38.35535939,0.8672
1681,840.5,4631.23381,38.48061274,0.8672
1682,841.0,4678.978488,38.60716406,0.8672
1683,841.5,4678.978488,13.55808426,0.6789
1684,842.0,4678.978488,13.55808426,0.6789
1685,842.5,4678.978488,13.55808426,0.6789
1686,843.0,4678.978488,13.55808426,0.6789
1687,843.5,4678.978488,13.55808426,0.6789
1688,844.0,4678.978488,13.55808426,0.6789
1689,844.5,4678.978488,13.55808426,0.6789
1690,845.0,4678.978488,13.55808426,0.6789
1691,845.5,4678.978488,13.55808426,0.6789
1692,846.0,4678.978488,13.55808426,0.6789
1693,846.5,4678.978488,13.55808426,0.6789
1694,847.0,4678.978488,13.55808426,0.6789
1695,847.5,4678.978488,13.55808426,0.6789
1696,848.0,4678.978488,13.55808426,0.6789
1697,848.5,4678.978488,13.55808426,0.6789
1698,849.0,4678.978488,13.55808426,0.6789
1699,849.5,4678.978488,13.55808426,0.6789
1700,850.0,4678.978488,13.55808426,0.6789
1701,850.5,4678.978488,13.55808426,0.6789
1702,851.0,4678.978488,13.55808426,0.6789
1703,851.5,4678.978488,13.55808426,0.6789
1704,852.0,4678.978488,13.55808426,0.6789
1705,852.5,4678.978488,13.55808426,0.6789
1706,853.0,4678.978488,13.55808426,0.6789
1707,853.5,4678.978488,13.55808426,0.6789
1708,854.0,4678.978488,13.55808426,0.6789
1709,854.5,4678.978488,13.55808426,0.6789
1710,855.0,4678.978488,13.55808426,0.6789
1711,855.5,4678.978488,13.55808426,0.6789
1712,856.0,4678.978488,13.55808426,0.6789
1713,856.5,4678.978488,13.55808426,0.6789
1714,857.0,4678.978488,13.55808426,0.6789
1715,857.5,4678.978488,13.55808426,0.6789
1716,858.0,4678.978488,13.55808426,0.6789
1717,858.5,4678.978488,13.55808426,0.6789
1718,859.0,4678.978488,13.55808426,0.6789
1719,859.5,4678.978488,13.55808426,0.6789
1720,860.0,4678.978488,13.55808426,0.6789
1721,860.5,4678.978488,13.55808426,0.6789
1722,861.0,4678.978488,13.55808426,0.6789
1723,861.5,4678.978488,13.55808426,0.6789
1724,862.0,4678.978488,13.55808426,0.6789
1725,862.5,4678.978488,13.55808426,0.6789
1726,863.0,4678.978488,13.55808426,0.6789
1727,863.5,4678.978488,13.55808426,0.6789
1728,864.0,4678.978488,13.55808426,0.6789
1729,864.5,4678.978488,13.55808426,0.6789
1730,865.0,4678.978488,13.55808426,0.6789
1731,865.5,4678.978488,13.55808426,0.6789
1732,866.0,4678.978488,13.55808426,0.6789
1733,866.5,4678.978488,13.55808426,0.6789
1734,867.0,4678.978488,13.55808426,0.6789
1735,867.5,4678.978488,13.55808426,0.6789
1736,868.0,4678.978488,13.55808426,0.6789
1737,868.5,4678.978488,13.55808426,0.6789
1738,869.0,4678.978488,13.55808426,0.6789
1739,869.5,4678.978488,13.55808426,0.6789
1740,870.0,4678.978488,13.55808426,0.6789
1741,870.5,4678.978488,13.55808426,0.6789
1742,871.0,4678.978488,13.55808426,0.6789
1743,871.5,4678.978488,13.55808426,0.6789
1744,872.0,4678.978488,13.55808426,0.6789
1745,872.5,4678.978488,13.55808426,0.6789
1746,873.0,4678.978488,13.55808426,0.6789
1747,873.5,4678.978488,13.55808426,0.6789
1748,874.0,4678.978488,13.55808426,0.6789
1749,874.5,4678.978488,13.55808426,0.6789
1750,875.0,4678.978488,13.55808426,0.6789
1751,875.5,4678.978488,13.55808426,0.6789
1752,876.0,4678.978488,13.55808426,0.6789
1753,876.5,4678.978488,13.55808426,0.6789
1754,877.0,4678.978488,13.55808426,0.6789
1755,877.5,4678.978488,13.55808426,0.6789
1756,878.0,4678.978488,13.55808426,0.6789
1757,878.5,4678.978488,13.55808426,0.6789
1758,879.0,4678.978488,13.55808426,0.6789
1759,879.5,4678.978488,13.55808426,0.6789
1760,880.0,4678.978488,13.55808426,0.6789
1761,880.5,4678.978488,13.55808426,0.6789
1762,881.0,4678.978488,13.55808426,0.6789
1763,881.5,4678.978488,13.55808426,0.6789
1764,882.0,4678.978488,13.55808426,0.6789
1765,882.5,4678.978488,13.55808426,0.6789
1766,883.0,4678.978488,13.55808426,0.6789
1767,883.5,4678.978488,13.55808426,0.6789
1768,884.0,4678.978488,13.55808426,0.6789
1769,884.5,4678.978488,13.55808426,0.6789
1770,885.0,4678.978488,13.55808426,0.6789
1771,885.5,4678.978488,13.55808426,0.6789
1772,886.0,4678.978488,13.55808426,0.6789
1773,886.5,4678.978488,13.55808426,0.6789
1774,887.0,4678.978488,13.55808426,0.6789
1775,887.5,4678.978488,13.55808426,0.6789
1776,888.0,4678.978488,13.55808426,0.6789
1777,888.5,4678.978488,13.55808426,0.6789
1778,889.0,4678.978488,13.55808426,0.6789
1779,889.5,4678.978488,13.55808426,0.6789
1780,890.0,4678.978488,13.55808426,0.6789
1781,890.5,4678.978488,13.55808426,0.6789
1782,891.0,4678.978488,13.55808426,0.6789
1783,891.5,4595.425301,-30.49841841,0.6789
1784,892.0,4511.872114,-30.71505643,0.6789
1785,892.5,4428.318926,-30.92771943,0.6789
1786,893.0,4344.765739,-31.13640743,0.6789
1787,893.5,4261.212552,-31.34112041,0.6789
1788,894.0,4177.659364,-31.54185839,0.6789
1789,894.5,4094.106177,-31.73862135,0.6789
1790,895.0,4010.55299,-31.93140931,0.6789
1791,895.5,3926.999802,-32.12022226,0.529
1792,896.0,3843.446615,-32.3050602,0.529
1793,896.5,3759.893428,-32.48592313,0.529
1794,897.0,3676.340241,-32.66281105,0.529
1795,897.5,3592.787053,-32.83572396,0.529
1796,898.0,3509.233866,-33.00466186,0.529
1797,898.5,3425.680679,-33.16962475,0.4701
1798,899.0,3342.127491,-33.33061263,0.4701
1799,899.5,3342.127491,10.50527702,0.4701
1800,900.0,3342.127491,10.50527702,0.4701
1801,900.5,3342.127491,10.50527702,0.4701
1802,901.0,3342.127491,10.50527702,0.4701
1803,901.5,3342.127491,10.50527702,0.4701
1804,902.0,3342.127491,10.50527702,0.4701
1805,902.5,3342.127491,10.50527702,0.4701
1806,903.0,3342.127491,10.50527702,0.4701
1807,903.5,3342.127491,10.50527702,0.4701
1808,904.0,3342.127491,10.50527702,0.4701
1809,904.5,3342.127491,10.50527702,0.4701
1810,905.0,3342.127491,10.50527702,0.4701
1811,905.5,3342.127491,10.50527702,0.4701
1812,906.0,3342.127491,10.50527702,0.4701
1813,906.5,3342.127491,10.50527702,0.4701
1814,907.0,3342.127491,10.50527702,0.4701
1815,907.5,3342.127491,10.50527702,0.4701
1816,908.0,3342.127491,10.50527702,0.4701
1817,908.5,3342.127491,10.50527702,0.4701
1818,909.0,3342.127491,10.50527702,0.4701
1819,909.5,3342.127491,10.50527702,0.4701
1820,910.0,3342.127491,10.50527702,0.4701
1821,910.5,3342.127491,10.50527702,0.4701
1822,911.0,3342.127491,10.50527702,0.4701
1823,911.5,3342.127491,10.50527702,0.4701
1824,912.0,3342.127491,10.50527702,0.4701
1825,912.5,3342.127491,10.50527702,0.4701
1826,913.0,3342.127491,10.50527702,0.4701
1827,913.5,3342.127491,10.50527702,0.4701
1828,914.0,3342.127491,10.50527702,0.4701
1829,914.5,3342.127491,10.50527702,0.4701
1830,915.0,3342.127491,10.50527702,0.4701
1831,915.5,3342.127491,10.50527702,0.4701
1832,916.0,3342.127491,10.50527702,0.4701
1833,916.5,3342.127491,10.50527702,0.4701
1834,917.0,3342.127491,10.50527702,0.4701
1835,917.5,3342.127491,10.50527702,0.4701
1836,918.0,3342.127491,10.50527702,0.4701
1837,918.5,3342.127491,10.50527702,0.4701
1838,919.0,3342.127491,10.50527702,0.4701
1839,919.5,3342.127491,10.50527702,0.4701
1840,920.0,3342.127491,10.50527702,0.4701
1841,920.5,3342.127491,10.50527702,0.4701
1842,921.0,3342.127491,10.50527702,0.4701
1843,921.5,3342.127491,10.50527702,0.4701
1844,922.0,3342.127491,10.50527702,0.4701
1845,922.5,3342.127491,10.50527702,0.4701
1846,923.0,3342.127491,10.50527702,0.4701
1847,923.5,3342.127491,10.50527702,0.4701
1848,924.0,3342.127491,10.50527702,0.4701
1849,924.5,3342.127491,10.50527702,0.4701
1850,925.0,3342.127491,10.50527702,0.4701
1851,925.5,3342.127491,10.50527702,0.4701
1852,926.0,3342.127491,10.50527702,0.4701
1853,926.5,3342.127491,10.50527702,0.4701
1854,927.0,3342.127491,10.50527702,0.4701
1855,927.5,3342.127491,10.50527702,0.4701
1856,928.0,3342.127491,10.50527702,0.4701
1857,928.5,3342.127491,10.50527702,0.4701
1858,929.0,3342.127491,10.50527702,0.4701
1859,929.5,3342.127491,10.50527702,0.4701
1860,930.0,3342.127491,10.50527702,0.4701
1861,930.5,3342.127491,10.50527702,0.4701
1862,931.0,3342.127491,10.50527702,0.4701
1863,931.5,3342.127491,10.50527702,0.4701
1864,932.0,3342.127491,10.50527702,0.4701
1865,932.5,3342.127491,10.50527702,0.4701
1866,933.0,3342.127491,10.50527702,0.4701
1867,933.5,3342.127491,10.50527702,0.4701
1868,934.0,3342.127491,10.50527702,0.4701
1869,934.5,3342.127491,10.50527702,0.4701
1870,935.0,3342.127491,10.50527702,0.4701
1871,935.5,3342.127491,10.50527702,0.4701
1872,936.0,3342.127491,10.50527702,0.4701
1873,936.5,3342.127491,10.50527702,0.4701
1874,937.0,3342.127491,10.50527702,0.4701
1875,937.5,3342.127491,10.50527702,0.4701
1876,938.0,3342.127491,10.50527702,0.4701
1877,938.5,3342.127491,10.50527702,0.4701
1878,939.0,3342.127491,10.50527702,0.4701
1879,939.5,3342.127491,10.50527702,0.4701
1880,940.0,3342.127491,10.50527702,0.4701
1881,940.5,3342.127491,10.50527702,0.4701
1882,941.0,3342.127491,10.50527702,0.4701
1883,941.5,3342.127491,10.50527702,0.4701
1884,942.0,3342.127491,10.50527702,0.4701
1885,942.5,3342.127491,10.50527702,0.4701
1886,943.0,3342.127491,10.50527702,0.4701
1887,943.5,3342.127491,10.50527702,0.4701
1888,944.0,3342.127491,10.50527702,0.4701
1889,944.5,3342.127491,10.50527702,0.4701
1890,945.0,3342.127491,10.50527702,0.4701
1891,945.5,3342.127491,10.50527702,0.4701
1892,946.0,3342.127491,10.50527702,0.4701
1893,946.5,3342.127491,10.50527702,0.4701
1894,947.0,3342.127491,10.50527702,0.4701
1895,947.5,3342.127491,10.50527702,0.4701
1896,948.0,3342.127491,10.50527702,0.4701
1897,948.5,3342.127491,10.50527702,0.4701
1898,949.0,3342.127491,10.50527702,0.4701
1899,949.5,3342.127491,10.50527702,0.4701
1900,950.0,3342.127491,10.50527702,0.4701
1901,950.5,3342.127491,10.50527702,0.4701
1902,951.0,3342.127491,10.50527702,0.4701
1903,951.5,3342.127491,10.50527702,0.4701
1904,952.0,3342.127491,10.50527702,0.4701
1905,952.5,3342.127491,10.50527702,0.4701
1906,953.0,3342.127491,10.50527702,0.4701
1907,953.5,3342.127491,10.50527702,0.4701
1908,954.0,3342.127491,10.50527702,0.4701
1909,954.5,3342.127491,10.50527702,0.4701
1910,955.0,3342.127491,10.50527702,0.4701
1911,955.5,3342.127491,10.50527702,0.4701
1912,956.0,3342.127491,10.50527702,0.4701
1913,956.5,3342.127491,10.50527702,0.4701
1914,957.0,3342.127491,10.50527702,0.4701
1915,957.5,3342.127491,10.50527702,0.4701
1916,958.0,3342.127491,10.50527702,0.4701
1917,958.5,3342.127491,10.50527702,0.4701
1918,959.0,3342.127491,10.50527702,0.4701
1919,959.5,3342.127491,10.50527702,0.4701
1920,960.0,3342.127491,10.50527702,0.4701
1921,960.5,3342.127491,10.50527702,0.4701
1922,961.0,3342.127491,10.50527702,0.4701
1923,961.5,3342.127491,10.50527702,0.4701
1924,962.0,3342.127491,10.50527702,0.4701
1925,962.5,3342.127491,10.50527702,0.4701
1926,963.0,3342.127491,10.50527702,0.4701
1927,963.5,3342.127491,10.50527702,0.4701
1928,964.0,3342.127491,10.50527702,0.4701
1929,964.5,3342.127491,10.50527702,0.4701
1930,965.0,3342.127491,10.50527702,0.4701
1931,965.5,3342.127491,10.50527702,0.4701
1932,966.0,3342.127491,10.50527702,0.4701
1933,966.5,3342.127491,10.50527702,0.4701
1934,967.0,3342.127491,10.50527702,0.4701
1935,967.5,3342.127491,10.50527702,0.4701
1936,968.0,3342.127491,10.50527702,0.4701
1937,968.5,3393.544838,37.57980817,0.6231
1938,969.0,3444.962184,37.67991255,0.6231
1939,969.5,3496.37953,37.78152225,0.6231
1940,970.0,3547.796876,37.88463729,0.6938
1941,970.5,3599.214222,37.98925766,0.6938
1942,971.0,3650.631568,38.09538335,0.6938
1943,971.5,3702.048914,38.20301438,0.6938
1944,972.0,3753.46626,38.31215073,0.6938
1945,972.5,3804.883606,38.42279241,0.6938
1946,973.0,3856.300952,38.53493943,0.6938
1947,973.5,3907.718298,38.64859177,0.6938
1948,974.0,3959.135644,38.76374944,0.6938
1949,974.5,4010.55299,38.88041243,0.8672
1950,975.0,4061.970336,38.99858076,0.8672
1951,975.5,4113.387682,39.11825442,0.8672
1952,976.0,4164.805028,39.2394334,0.8672
1953,976.5,4216.222374,39.36211772,0.8672
1954,977.0,4267.63972,39.48630736,0.8672
1955,977.5,4319.057066,39.61200234,0.8672
1956,978.0,4370.474412,39.73920264,0.8672
1957,978.5,4421.891758,39.86790827,0.8672
1958,979.0,4473.309104,39.99811923,0.8672
1959,979.5,4524.72645,40.12983552,0.8672
1960,980.0,4576.143796,40.26305713,0.8672
1961,980.5,4627.561142,40.39778408,0.8672
1962,981.0,4678.978488,40.53401636,0.8672
1963,981.5,4678.978488,13.55808426,0.6789
1964,982.0,4678.978488,13.55808426,0.6789
1965,982.5,4678.978488,13.55808426,0.6789
1966,983.0,4678.978488,13.55808426,0.6789
1967,983.5,4678.978488,13.55808426,0.6789
1968,984.0,4678.978488,13.55808426,0.6789
1969,984.5,4678.978488,13.55808426,0.6789
1970,985.0,4678.978488,13.55808426,0.6789
1971,985.5,4678.978488,13.55808426,0.6789
1972,986.0,4678.978488,13.55808426,0.6789
1973,986.5,4678.978488,13.55808426,0.6789
1974,987.0,4678.978488,13.55808426,0.6789
1975,987.5,4678.978488,13.55808426,0.6789
1976,988.0,4678.978488,13.55808426,0.6789
1977,988.5,4678.978488,13.55808426,0.6789
1978,989.0,4678.978488,13.55808426,0.6789
1979,989.5,4678.978488,13.55808426,0.6789
1980,990.0,4678.978488,13.55808426,0.6789
1981,990.5,4678.978488,13.55808426,0.6789
1982,991.0,4678.978488,13.55808426,0.6789
1983,991.5,4678.978488,13.55808426,0.6789
1984,992.0,4678.978488,13.55808426,0.6789
1985,992.5,4678.978488,13.55808426,0.6789
1986,993.0,4678.978488,13.55808426,0.6789
1987,993.5,4678.978488,13.55808426,0.6789
1988,994.0,4678.978488,13.55808426,0.6789
1989,994.5,4678.978488,13.55808426,0.6789
1990,995.0,4678.978488,13.55808426,0.6789
1991,995.5,4678.978488,13.55808426,0.6789
1992,996.0,4678.978488,13.55808426,0.6789
1993,996.5,4678.978488,13.55808426,0.6789
1994,997.0,4678.978488,13.55808426,0.6789
1995,997.5,4678.978488,13.55808426,0.6789
1996,998.0,4678.978488,13.55808426,0.6789
1997,998.5,4678.978488,13.55808426,0.6789
1998,999.0,4678.978488,13.55808426,0.6789
1999,999.5,4678.978488,13.55808426,0.6789
2000,1000.0,4678.978488,13.55808426,0.6789
2001,1000.5,4678.978488,13.55808426,0.6789
2002,1001.0,4678.978488,13.55808426,0.6789
2003,1001.5,4678.978488,13.55808426,0.6789
2004,1002.0,4678.978488,13.55808426,0.6789
2005,1002.5,4678.978488,13.55808426,0.6789
2006,1003.0,4678.978488,13.55808426,0.6789
2007,1003.5,4678.978488,13.55808426,0.6789
2008,1004.0,4678.978488,13.55808426,0.6789
2009,1004.5,4678.978488,13.55808426,0.6789
2010,1005.0,4678.978488,13.55808426,0.6789
2011,1005.5,4678.978488,13.55808426,0.6789
2012,1006.0,4678.978488,13.55808426,0.6789
2013,1006.5,4678.978488,13.55808426,0.6789
2014,1007.0,4678.978488,13.55808426,0.6789
2015,1007.5,4678.978488,13.55808426,0.6789
2016,1008.0,4678.978488,13.55808426,0.6789
2017,1008.5,4678.978488,13.55808426,0.6789
2018,1009.0,4678.978488,13.55808426,0.6789
2019,1009.5,4678.978488,13.55808426,0.6789
2020,1010.0,4678.978488,13.55808426,0.6789
2021,1010.5,4678.978488,13.55808426,0.6789
2022,1011.0,4678.978488,13.55808426,0.6789
2023,1011.5,4678.978488,13.55808426,0.6789
2024,1012.0,4678.978488,13.55808426,0.6789
2025,1012.5,4678.978488,13.55808426,0.6789
2026,1013.0,4678.978488,13.55808426,0.6789
2027,1013.5,4678.978488,13.55808426,0.6789
2028,1014.0,4678.978488,13.55808426,0.6789
2029,1014.5,4678.978488,13.55808426,0.6789
2030,1015.0,4678.978488,13.55808426,0.6789
2031,1015.5,4678.978488,13.55808426,0.6789
2032,1016.0,4678.978488,13.55808426,0.6789
2033,1016.5,4678.978488,13.55808426,0.6789
2034,1017.0,4678.978488,13.55808426,0.6789
2035,1017.5,4678.978488,13.55808426,0.6789
2036,1018.0,4678.978488,13.55808426,0.6789
2037,1018.5,4678.978488,13.55808426,0.6789
2038,1019.0,4678.978488,13.55808426,0.6789
2039,1019.5,4678.978488,13.55808426,0.6789
2040,1020.0,4678.978488,13.55808426,0.6789
2041,1020.5,4678.978488,13.55808426,0.6789
2042,1021.0,4678.978488,13.55808426,0.6789
2043,1021.5,4678.978488,13.55808426,0.6789
2044,1022.0,4678.978488,13.55808426,0.6789
2045,1022.5,4678.978488,13.55808426,0.6789
2046,1023.0,4678.978488,13.55808426,0.6789
2047,1023.5,4678.978488,13.55808426,0.6789
2048,1024.0,4678.978488,13.55808426,0.6789
2049,1024.5,4678.978488,13.55808426,0.6789
2050,1025.0,4678.978488,13.55808426,0.6789
2051,1025.5,4678.978488,13.55808426,0.6789
2052,1026.0,4678.978488,13.55808426,0.6789
2053,1026.5,4678.978488,13.55808426,0.6789
2054,1027.0,4678.978488,13.55808426,0.6789
2055,1027.5,4678.978488,13.55808426,0.6789
2056,1028.0,4678.978488,13.55808426,0.6789
2057,1028.5,4678.978488,13.55808426,0.6789
2058,1029.0,4678.978488,13.55808426,0.6789
2059,1029.5,4678.978488,13.55808426,0.6789
2060,1030.0,4678.978488,13.55808426,0.6789
2061,1030.5,4678.978488,13.55808426,0.6789
2062,1031.0,4678.978488,13.55808426,0.6789
2063,1031.5,4707.625295,28.66408596,0.0
2064,1032.0,4736.272102,28.74110704,0.0
2065,1032.5,4764.918909,28.81859539,0.0
2066,1033.0,4793.565716,28.896551,0.0
2067,1033.5,4822.212523,28.97497388,0.0
2068,1034.0,4850.85933,29.05386403,0.0
2069,1034.5,4879.506138,29.13322144,0.0
2070,1035.0,4908.152945,29.21304612,0.0
2071,1035.5,4936.799752,29.29333806,0.0
2072,1036.0,4965.446559,29.37409727,0.0
2073,1036.5,4994.093366,29.45532375,0.0
2074,1037.0,5022.740173,29.5370175,0.0
2075,1037.5,5051.38698,29.61917851,0.0
2076,1038.0,5080.033787,29.70180679,0.0
2077,1038.5,5108.680594,29.78490233,0.0
2078,1039.0,5137.327401,29.86846514,0.0
2079,1039.5,5165.974208,29.95249522,0.0
2080,1040.0,5194.621015,30.03699256,0.8672
2081,1040.5,5223.267822,30.12195717,0.8672
2082,1041.0,5251.914629,30.20738905,0.8672
2083,1041.5,5280.561437,30.29328819,0.8672
2084,1042.0,5309.208244,30.3796546,0.8672
2085,1042.5,5337.855051,30.46648827,0.8672
2086,1043.0,5366.501858,30.55378922,0.8672
2087,1043.5,5395.148665,30.64155742,0.8672
2088,1044.0,5423.795472,30.7297929,0.8672
2089,1044.5,5452.442279,30.81849564,0.8672
2090,1045.0,5481.089086,30.90766565,0.8672
2091,1045.5,5509.735893,30.99730292,0.8672
2092,1046.0,5538.3827,31.08740746,0.8672
2093,1046.5,5567.029507,31.17797927,0.8672
2094,1047.0,5595.676314,31.26901834,0.8672
2095,1047.5,5624.323121,31.36052468,0.8672
2096,1048.0,5652.969928,31.45249829,0.8672
2097,1048.5,5681.616736,31.54493916,0.8672
2098,1049.0,5710.263543,31.6378473,0.8672
2099,1049.5,5738.91035,31.7312227,0.8672
2100,1050.0,5767.557157,31.82506537,0.8672
2101,1050.5,5796.203964,31.91937531,0.8672
2102,1051.0,5824.850771,32.01415252,0.8672
2103,1051.5,5853.497578,32.10939699,0.8672
2104,1052.0,5882.144385,32.20510872,0.8672
2105,1052.5,5910.791192,32.30128773,0.8672
2106,1053.0,5939.437999,32.397934,0.8672
2107,1053.5,5968.084806,32.49504753,0.8672
2108,1054.0,5996.731613,32.59262834,0.8672
2109,1054.5,6025.37842,32.69067641,0.8672
2110,1055.0,6054.025227,32.78919174,0.8672
2111,1055.5,6082.672034,32.88817435,0.8672
2112,1056.0,6111.318842,32.98762421,0.8672
2113,1056.5,6139.965649,33.08754135,0.8672
2114,1057.0,6168.612456,33.18792575,0.8672
2115,1057.5,6197.259263,33.28877742,0.8672
2116,1058.0,6225.90607,33.39009635,0.8672
2117,1058.5,6254.552877,33.49188255,0.8672
2118,1059.0,6283.199684,33.59413602,0.8672
2119,1059.5,6311.846491,33.69685675,0.8672
2120,1060.0,6340.493298,33.80004475,0.8672
2121,1060.5,6369.140105,33.90370002,0.8672
2122,1061.0,6397.786912,34.00782255,0.8672
2123,1061.5,6426.433719,34.11241235,0.8672
2124,1062.0,6455.080526,34.21746942,0.8672
2125,1062.5,6483.727333,34.32299375,0.8672
2126,1063.0,6512.374141,34.42898535,0.8672
2127,1063.5,6541.020948,34.53544421,0.8672
2128,1064.0,6569.667755,34.64237034,0.8672
2129,1064.5,6598.314562,34.74976374,0.8672
2130,1065.0,6626.961369,34.8576244,0.8672
2131,1065.5,6655.608176,34.96595233,0.8672
2132,1066.0,6684.254983,35.07474753,0.8672
2133,1066.5,6684.254983,20.04529965,0.0
2134,1067.0,6684.254983,20.04529965,0.0
2135,1067.5,6684.254983,20.04529965,0.0
2136,1068.0,6684.254983,20.04529965,0.0
2137,1068.5,6684.254983,20.04529965,0.0
2138,1069.0,6684.254983,20.04529965,0.0
2139,1069.5,6684.254983,20.04529965,0.0
2140,1070.0,6684.254983,20.04529965,0.0
2141,1070.5,6684.254983,20.04529965,0.0
2142,1071.0,6684.254983,20.04529965,0.0
2143,1071.5,6684.254983,20.04529965,0.0
2144,1072.0,6684.254983,20.04529965,0.0
2145,1072.5,6684.254983,20.04529965,0.0
2146,1073.0,6684.254983,20.04529965,0.0
2147,1073.5,6684.254983,20.04529965,0.0
2148,1074.0,6684.254983,20.04529965,0.0
2149,1074.5,6684.254983,20.04529965,0.0
2150,1075.0,6684.254983,20.04529965,0.0
2151,1075.5,6684.254983,20.04529965,0.0
2152,1076.0,6684.254983,20.04529965,0.0
2153,1076.5,6684.254983,20.04529965,0.0
2154,1077.0,6684.254983,20.04529965,0.0
2155,1077.5,6684.254983,20.04529965,0.0
2156,1078.0,6684.254983,20.04529965,0.0
2157,1078.5,6684.254983,20.04529965,0.0
2158,1079.0,6684.254983,20.04529965,0.0
2159,1079.5,6684.254983,20.04529965,0.0
2160,1080.0,6684.254983,20.04529965,0.0
2161,1080.5,6684.254983,20.04529965,0.0
2162,1081.0,6684.254983,20.04529965,0.0
2163,1081.5,6684.254983,20.04529965,0.0
2164,1082.0,6684.254983,20.04529965,0.0
2165,1082.5,6684.254983,20.04529965,0.0
2166,1083.0,6684.254983,20.04529965,0.0
2167,1083.5,6684.254983,20.04529965,0.0
2168,1084.0,6684.254983,20.04529965,0.0
2169,1084.5,6684.254983,20.04529965,0.0
2170,1085.0,6684.254983,20.04529965,0.0
2171,1085.5,6684.254983,20.04529965,0.0
2172,1086.0,6684.254983,20.04529965,0.0
2173,1086.5,6684.254983,20.04529965,0.0
2174,1087.0,6684.254983,20.04529965,0.0
2175,1087.5,6684.254983,20.04529965,0.0
2176,1088.0,6684.254983,20.04529965,0.0
2177,1088.5,6684.254983,20.04529965,0.0
2178,1089.0,6684.254983,20.04529965,0.0
2179,1089.5,6684.254983,20.04529965,0.0
2180,1090.0,6684.254983,20.04529965,0.0
2181,1090.5,6684.254983,20.04529965,0.0
2182,1091.0,6684.254983,20.04529965,0.0
2183,1091.5,6684.254983,20.04529965,0.0
2184,1092.0,6684.254983,20.04529965,0.0
2185,1092.5,6684.254983,20.04529965,0.0
2186,1093.0,6684.254983,20.04529965,0.0
2187,1093.5,6684.254983,20.04529965,0.0
2188,1094.0,6684.254983,20.04529965,0.0
2189,1094.5,6684.254983,20.04529965,0.0
2190,1095.0,6684.254983,20.04529965,0.0
2191,1095.5,6684.254983,20.04529965,0.0
2192,1096.0,6684.254983,20.04529965,0.0
2193,1096.5,6717.676258,37.70717381,0.8672
2194,1097.0,6751.097533,37.83532812,0.8672
2195,1097.5,6784.518808,37.96411842,0.8672
2196,1098.0,6817.940083,38.09354473,0.8672
2197,1098.5,6851.361358,38.22360704,0.8672
2198,1099.0,6884.782632,38.35430535,0.8672
2199,1099.5,6918.203907,38.48563966,0.8672
2200,1100.0,6951.625182,38.61760997,0.8672
2201,1100.5,6985.046457,38.75021629,0.8672
2202,1101.0,7018.467732,38.8834586,0.8672
2203,1101.5,7051.889007,39.01733692,0.8672
2204,1102.0,7085.310282,39.15185124,0.8672
2205,1102.5,7118.731557,39.28700156,0.8672
2206,1103.0,7152.152832,39.42278788,0.8672
2207,1103.5,7185.574107,39.55921021,0.8672
2208,1104.0,7218.995382,39.69626853,0.8672
2209,1104.5,7252.416657,39.83396286,0.8672
2210,1105.0,7285.837931,39.97229319,0.8672
2211,1105.5,7319.259206,40.11125952,0.8672
2212,1106.0,7352.680481,40.25086185,0.8672
2213,1106.5,7386.101756,40.39110018,0.8672
2214,1107.0,7419.523031,40.53197451,0.8672
2215,1107.5,7452.944306,40.67348485,0.8672
2216,1108.0,7486.365581,40.81563119,0.8672
2217,1108.5,7519.786856,40.95841353,0.8672
2218,1109.0,7553.208131,41.10183187,0.8672
2219,1109.5,7586.629406,41.24588621,0.8672
2220,1110.0,7620.050681,41.39057655,0.8672
2221,1110.5,7653.471955,41.5359029,0.8672
2222,1111.0,7686.89323,41.68186524,0.8672
2223,1111.5,7720.314505,41.82846359,0.8672
2224,1112.0,7753.73578,41.97569794,0.8672
2225,1112.5,7787.157055,42.12356829,0.8672
2226,1113.0,7820.57833,42.27207464,0.8672
2227,1113.5,7853.999605,42.421217,0.8672
2228,1114.0,7887.42088,42.57099535,0.8672
2229,1114.5,7920.842155,42.72140971,0.8672
2230,1115.0,7954.26343,42.87246007,0.8672
2231,1115.5,7987.684705,43.02414643,0.8672
2232,1116.0,8021.10598,43.17646879,0.8672
2233,1116.5,8021.10598,25.64211293,0.0
2234,1117.0,8021.10598,25.64211293,0.0
2235,1117.5,8021.10598,25.64211293,0.0
2236,1118.0,8021.10598,25.64211293,0.0
2237,1118.5,8021.10598,25.64211293,0.0
2238,1119.0,8021.10598,25.64211293,0.0
2239,1119.5,8021.10598,25.64211293,0.0
2240,1120.0,8021.10598,25.64211293,0.0
2241,1120.5,8021.10598,25.64211293,0.0
2242,1121.0,8021.10598,25.64211293,0.0
2243,1121.5,8021.10598,25.64211293,0.0
2244,1122.0,8021.10598,25.64211293,0.0
2245,1122.5,8021.10598,25.64211293,0.0
2246,1123.0,8021.10598,25.64211293,0.0
2247,1123.5,8021.10598,25.64211293,0.0
2248,1124.0,8021.10598,25.64211293,0.0
2249,1124.5,8021.10598,25.64211293,0.0
2250,1125.0,8021.10598,25.64211293,0.0
2251,1125.5,8021.10598,25.64211293,0.0
2252,1126.0,8021.10598,25.64211293,0.0
2253,1126.5,7937.552792,-18.57339013,0.6789
2254,1127.0,7853.999605,-18.94902852,0.6789
2255,1127.5,7770.446418,-19.3206919,0.6789
2256,1128.0,7686.89323,-19.68838027,0.6789
2257,1128.5,7603.340043,-20.05209363,0.6789
2258,1129.0,7519.786856,-20.41183199,0.6789
2259,1129.5,7436.233669,-20.76759533,0.6789
2260,1130.0,7352.680481,-21.11938367,0.6789
2261,1130.5,7269.127294,-21.46719699,0.6789
2262,1131.0,7185.574107,-21.81103531,0.6789
2263,1131.5,7102.020919,-22.15089861,0.6789
2264,1132.0,7018.467732,-22.48678691,0.6789
2265,1132.5,6934.914545,-22.8187002,0.6789
2266,1133.0,6851.361358,-23.14663847,0.6789
2267,1133.5,6767.80817,-23.47060174,0.6789
2268,1134.0,6684.254983,-23.79059,0.6789
2269,1134.5,6600.701796,-24.10660325,0.6789
2270,1135.0,6517.148608,-24.41864149,0.6789
2271,1135.5,6433.595421,-24.72670472,0.6789
2272,1136.0,6350.042234,-25.03079294,0.6789
2273,1136.5,6266.489047,-25.33090616,0.6789
2274,1137.0,6182.935859,-25.62704436,0.6789
2275,1137.5,6099.382672,-25.91920755,0.6789
2276,1138.0,6015.829485,-26.20739573,0.6789
2277,1138.5,5932.276297,-26.49160891,0.6789
2278,1139.0,5848.72311,-26.77184707,0.6789
2279,1139.5,5765.169923,-27.04811023,0.6789
2280,1140.0,5681.616736,-27.32039837,0.6789
2281,1140.5,5598.063548,-27.58871151,0.6789
2282,1141.0,5514.510361,-27.85304964,0.6789
2283,1141.5,5430.957174,-28.11341276,0.6789
2284,1142.0,5347.403986,-28.36980086,0.6789
2285,1142.5,5222.074205,-50.66487471,0.6789
2286,1143.0,5096.744425,-51.03305996,0.6789
2287,1143.5,4971.414644,-51.39230144,0.6789
2288,1144.0,4846.084863,-51.74259914,0.6789
2289,1144.5,4720.755082,-52.08395308,0.6789
2290,1145.0,4595.425301,-52.41636324,0.6789
2291,1145.5,4470.09552,-52.73982963,0.6789
2292,1146.0,4344.765739,-53.05435225,0.6789
2293,1146.5,4219.435958,-53.3599311,0.6789
2294,1147.0,4094.106177,-53.65656618,0.6789
2295,1147.5,3968.776396,-53.94425749,0.529
2296,1148.0,3843.446615,-54.22300502,0.529
2297,1148.5,3718.116834,-54.49280879,0.529
2298,1149.0,3592.787053,-54.75366878,0.529
2299,1149.5,3467.457272,-55.00558501,0.4701
2300,1150.0,3342.127491,-55.24855746,0.4701
2301,1150.5,3175.021117,-77.47655302,0.42
2302,1151.0,3007.914742,-77.77070372,0.42
2303,1151.5,2840.808368,-78.04895438,0.3773
2304,1152.0,2673.701993,-78.311305,0.3407
2305,1152.5,2506.595619,-78.55775558,0.3407
2306,1153.0,2339.489244,-78.78830613,0.3076
2307,1153.5,2172.382869,-79.00295664,0.2759
2308,1154.0,2005.276495,-79.20170711,0.2759
2309,1154.5,1838.17012,-79.38455755,0.2451
2310,1155.0,1671.063746,-79.55150794,0.2145
2311,1155.5,1503.957371,-79.7025583,0.2145
2312,1156.0,1336.850997,-79.83770862,0.1834
2313,1156.5,1169.744622,-79.9569589,0.1513
2314,1157.0,1002.638247,-80.06030915,0.1513
2315,1157.5,835.5318729,-80.14775936,0.1513
2316,1158.0,668.4254983,-80.21930953,0.1513
2317,1158.5,501.3191237,-80.27495966,0.1513
2318,1159.0,334.2127491,-80.31470975,0.1513
2319,1159.5,167.1063746,-80.33855981,0.1513
2320,1160.0,0.0,0.0,0.5693
2321,1160.5,0.0,0.0,0.5693
2322,1161.0,0.0,0.0,0.5693
2323,1161.5,0.0,0.0,0.5693
2324,1162.0,0.0,0.0,0.5693
2325,1162.5,0.0,0.0,0.5693
2326,1163.0,0.0,0.0,0.5693
2327,1163.5,0.0,0.0,0.5693
2328,1164.0,0.0,0.0,0.5693
2329,1164.5,0.0,0.0,0.5693
2330,1165.0,0.0,0.0,0.5693
2331,1165.5,0.0,0.0,0.5693
2332,1166.0,0.0,0.0,0.5693
2333,1166.5,0.0,0.0,0.5693
2334,1167.0,0.0,0.0,0.5693
2335,1167.5,0.0,0.0,0.5693
2336,1168.0,0.0,0.0,0.5693
2337,1168.5,0.0,0.0,0.5693
2338,1169.0,0.0,0.0,0.5693
2339,1169.5,0.0,0.0,0.5693
2340,1170.0,0.0,0.0,0.5693
2341,1170.5,0.0,0.0,0.5693
2342,1171.0,0.0,0.0,0.5693
2343,1171.5,0.0,0.0,0.5693
2344,1172.0,0.0,0.0,0.5693
2345,1172.5,0.0,0.0,0.5693
2346,1173.0,0.0,0.0,0.5693
2347,1173.5,0.0,0.0,0.5693
2348,1174.0,0.0,0.0,0.5693
2349,1174.5,0.0,0.0,0.5693
2350,1175.0,0.0,0.0,0.5693
2351,1175.5,0.0,0.0,0.5693
2352,1176.0,0.0,0.0,0.5693
2353,1176.5,0.0,0.0,0.5693
2354,1177.0,0.0,0.0,0.5693
2355,1177.5,0.0,0.0,0.5693
2356,1178.0,0.0,0.0,0.5693
2357,1178.5,0.0,0.0,0.5693
2358,1179.0,0.0,0.0,0.5693
2359,1179.5,0.0,0.0,0.5693
2360,1180.0,0.0,0.0,0.5693
