Time(s),Speed(RPM),Torque(Nm)
0,0,0
0.5,0,0
1,0,0
1.5,0,0
2,0,0
2.5,0,0
3,0,0
3.5,0,0
4,0,0
4.5,0,0
5,0,0
5.5,0,0
6,0,0
6.5,0,0
7,0,0
7.5,0,0
8,0,0
8.5,0,0
9,0,0
9.5,0,0
10,0,0
10.5,0,0
11,0,0
11.5,125.3297809,73.08357584
12,250.6595619,73.0969915
12.5,375.9893428,73.11935093
13,501.3191237,73.15065413
13.5,626.6489047,73.1909011
14,751.9786856,73.24009184
14.5,877.3084665,73.29822635
15,1002.638247,73.36530464
15.5,1002.638247,7.611470158
16,1002.638247,7.611470158
16.5,1002.638247,7.611470158
17,1002.638247,7.611470158
17.5,1002.638247,7.611470158
18,1002.638247,7.611470158
18.5,1002.638247,7.611470158
19,1002.638247,7.611470158
19.5,1002.638247,7.611470158
20,1002.638247,7.611470158
20.5,1002.638247,7.611470158
21,1002.638247,7.611470158
21.5,1002.638247,7.611470158
22,1002.638247,7.611470158
22.5,1002.638247,7.611470158
23,1002.638247,7.611470158
23.5,902.3744227,-45.04597555
24,802.110598,-45.09462967
24.5,701.8467732,-45.13755977
25,601.5829485,-45.17476586
25.5,501.3191237,-45.20624793
26,401.055299,-45.232006
26.5,300.7914742,-45.25204004
27,200.5276495,-45.26635008
27.5,100.2638247,-45.2749361
28,0,0
28.5,0,0
29,0,0
29.5,0,0
30,0,0
30.5,0,0
31,0,0
31.5,0,0
32,0,0
32.5,0,0
33,0,0
33.5,0,0
34,0,0
34.5,0,0
35,0,0
35.5,0,0
36,0,0
36.5,0,0
37,0,0
37.5,0,0
38,0,0
38.5,0,0
39,0,0
39.5,0,0
40,0,0
40.5,0,0
41,0,0
41.5,0,0
42,0,0
42.5,0,0
43,0,0
43.5,0,0
44,0,0
44.5,0,0
45,0,0
45.5,0,0
46,0,0
46.5,0,0
47,0,0
47.5,0,0
48,0,0
48.5,0,0
49,0,0
49.5,89.12339977,54.08581311
50,178.2467995,54.09259713
50.5,267.3701993,54.10390382
51,356.4935991,54.11973319
51.5,445.6169989,54.14008524
52,534.7403986,54.16495997
52.5,623.8637984,54.19435737
53,712.9871982,54.22827745
53.5,802.110598,54.26672021
54,891.2339977,54.30968564
54.5,980.3573975,54.35717376
55,1069.480797,54.40918455
55.5,1158.604197,54.46571801
56,1247.727597,54.52677416
56.5,1336.850997,54.59235298
57,1425.974396,54.66245448
57.5,1515.097796,54.73707866
58,1604.221196,54.81622551
58.5,1693.344596,54.89989504
59,1782.467995,54.98808725
59.5,1871.591395,55.08080214
60,1960.714795,55.1780397
60.5,2049.838195,55.27979995
61,2138.961595,55.38608286
61.5,2138.961595,8.627800568
62,2138.961595,8.627800568
62.5,2138.961595,8.627800568
63,2138.961595,8.627800568
63.5,2138.961595,8.627800568
64,2138.961595,8.627800568
64.5,2138.961595,8.627800568
65,2138.961595,8.627800568
65.5,2138.961595,8.627800568
66,2138.961595,8.627800568
66.5,2138.961595,8.627800568
67,2138.961595,8.627800568
67.5,2138.961595,8.627800568
68,2138.961595,8.627800568
68.5,2138.961595,8.627800568
69,2138.961595,8.627800568
69.5,2138.961595,8.627800568
70,2138.961595,8.627800568
70.5,2138.961595,8.627800568
71,2138.961595,8.627800568
71.5,2138.961595,8.627800568
72,2138.961595,8.627800568
72.5,2138.961595,8.627800568
73,2138.961595,8.627800568
73.5,2138.961595,8.627800568
74,2138.961595,8.627800568
74.5,2138.961595,8.627800568
75,2138.961595,8.627800568
75.5,2138.961595,8.627800568
76,2138.961595,8.627800568
76.5,2138.961595,8.627800568
77,2138.961595,8.627800568
77.5,2138.961595,8.627800568
78,2138.961595,8.627800568
78.5,2138.961595,8.627800568
79,2138.961595,8.627800568
79.5,2138.961595,8.627800568
80,2138.961595,8.627800568
80.5,2138.961595,8.627800568
81,2138.961595,8.627800568
81.5,2138.961595,8.627800568
82,2138.961595,8.627800568
82.5,2138.961595,8.627800568
83,2138.961595,8.627800568
83.5,2138.961595,8.627800568
84,2138.961595,8.627800568
84.5,2138.961595,8.627800568
85,2138.961595,8.627800568
85.5,2041.736068,-42.4969554
86,1944.51054,-42.60729378
86.5,1847.285013,-42.7122498
87,1750.059486,-42.81182345
87.5,1652.833959,-42.90601475
88,1555.608432,-42.99482369
88.5,1458.382905,-43.07825027
89,1361.157378,-43.15629449
89.5,1263.931851,-43.22895634
90,1166.706324,-43.29623584
90.5,1069.480797,-43.35813298
91,972.2552702,-43.41464776
91.5,875.0297432,-43.46578018
92,777.8042162,-43.51153024
92.5,680.5786892,-43.55189794
93,583.3531621,-43.58688328
93.5,486.1276351,-43.61648626
94,388.9021081,-43.64070687
94.5,291.6765811,-43.65954513
95,194.451054,-43.67300103
95.5,97.22552702,-43.68107457
96,0,0
96.5,0,0
97,0,0
97.5,0,0
98,0,0
98.5,0,0
99,0,0
99.5,0,0
100,0,0
100.5,0,0
101,0,0
101.5,0,0
102,0,0
102.5,0,0
103,0,0
103.5,0,0
104,0,0
104.5,0,0
105,0,0
105.5,0,0
106,0,0
106.5,0,0
107,0,0
107.5,0,0
108,0,0
108.5,0,0
109,0,0
109.5,0,0
110,0,0
110.5,0,0
111,0,0
111.5,0,0
112,0,0
112.5,0,0
113,0,0
113.5,0,0
114,0,0
114.5,0,0
115,0,0
115.5,0,0
116,0,0
116.5,0,0
117,0,0
117.5,208.8829682,116.9274155
118,417.7659364,116.9646812
118.5,626.6489047,117.0267908
119,835.5318729,117.1137441
119.5,1044.414841,117.2255412
120,1253.297809,117.3621822
120.5,1462.180778,117.5236669
121,1671.063746,117.7099955
121.5,1879.946714,117.9211679
122,2088.829682,118.1571841
122.5,2297.71265,118.4180441
123,2506.595619,118.7037479
123.5,2715.478587,119.0142955
124,2924.361555,119.3496869
124.5,3133.244523,119.7099221
125,3342.127491,120.0950012
125.5,3342.127491,10.50527702
126,3342.127491,10.50527702
126.5,3342.127491,10.50527702
127,3342.127491,10.50527702
127.5,3342.127491,10.50527702
128,3342.127491,10.50527702
128.5,3342.127491,10.50527702
129,3342.127491,10.50527702
129.5,3342.127491,10.50527702
130,3342.127491,10.50527702
130.5,3342.127491,10.50527702
131,3342.127491,10.50527702
131.5,3342.127491,10.50527702
132,3342.127491,10.50527702
132.5,3342.127491,10.50527702
133,3342.127491,10.50527702
133.5,3342.127491,10.50527702
134,3342.127491,10.50527702
134.5,3342.127491,10.50527702
135,3342.127491,10.50527702
135.5,3342.127491,10.50527702
136,3342.127491,10.50527702
136.5,3342.127491,10.50527702
137,3342.127491,10.50527702
137.5,3342.127491,10.50527702
138,3342.127491,10.50527702
138.5,3342.127491,10.50527702
139,3342.127491,10.50527702
139.5,3342.127491,10.50527702
140,3342.127491,10.50527702
140.5,3342.127491,10.50527702
141,3342.127491,10.50527702
141.5,3342.127491,10.50527702
142,3342.127491,10.50527702
142.5,3342.127491,10.50527702
143,3342.127491,10.50527702
143.5,3342.127491,10.50527702
144,3342.127491,10.50527702
144.5,3342.127491,10.50527702
145,3342.127491,10.50527702
145.5,3342.127491,10.50527702
146,3342.127491,10.50527702
146.5,3342.127491,10.50527702
147,3342.127491,10.50527702
147.5,3342.127491,10.50527702
148,3342.127491,10.50527702
148.5,3342.127491,10.50527702
149,3342.127491,10.50527702
149.5,3342.127491,10.50527702
150,3342.127491,10.50527702
150.5,3342.127491,10.50527702
151,3342.127491,10.50527702
151.5,3342.127491,10.50527702
152,3342.127491,10.50527702
152.5,3342.127491,10.50527702
153,3342.127491,10.50527702
153.5,3342.127491,10.50527702
154,3342.127491,10.50527702
154.5,3342.127491,10.50527702
155,3342.127491,10.50527702
155.5,3279.462601,-22.48977253
156,3216.797711,-22.6056689
156.5,3154.13282,-22.71932932
157,3091.46793,-22.83075381
157.5,3028.803039,-22.93994235
158,2966.138149,-23.04689494
158.5,2903.473258,-23.1516116
159,2840.808368,-23.25409231
159.5,2778.143477,-23.35433708
160,2715.478587,-23.45234591
160.5,2652.813696,-23.54811879
161,2590.148806,-23.64165573
161.5,2527.483915,-23.73295673
162,2464.819025,-23.82202178
162.5,2402.154135,-23.9088509
163,2339.489244,-23.99344406
163.5,2339.489244,8.883473175
164,2339.489244,8.883473175
164.5,2339.489244,8.883473175
165,2339.489244,8.883473175
165.5,2339.489244,8.883473175
166,2339.489244,8.883473175
166.5,2339.489244,8.883473175
167,2339.489244,8.883473175
167.5,2339.489244,8.883473175
168,2339.489244,8.883473175
168.5,2339.489244,8.883473175
169,2339.489244,8.883473175
169.5,2339.489244,8.883473175
170,2339.489244,8.883473175
170.5,2339.489244,8.883473175
171,2339.489244,8.883473175
171.5,2339.489244,8.883473175
172,2339.489244,8.883473175
172.5,2339.489244,8.883473175
173,2339.489244,8.883473175
173.5,2339.489244,8.883473175
174,2339.489244,8.883473175
174.5,2339.489244,8.883473175
175,2339.489244,8.883473175
175.5,2339.489244,8.883473175
176,2339.489244,8.883473175
176.5,2339.489244,8.883473175
177,2339.489244,8.883473175
177.5,2339.489244,8.883473175
178,2339.489244,8.883473175
178.5,2222.514782,-52.6386972
179,2105.54032,-52.78283104
179.5,1988.565857,-52.91917386
180,1871.591395,-53.04772567
180.5,1754.616933,-53.16848646
181,1637.642471,-53.28145622
181.5,1520.668009,-53.38663497
182,1403.693546,-53.4840227
182.5,1286.719084,-53.57361942
183,1169.744622,-53.65542511
183.5,1052.77016,-53.72943979
184,935.7956976,-53.79566344
184.5,818.8212354,-53.85409608
185,701.8467732,-53.9047377
185.5,584.872311,-53.9475883
186,467.8978488,-53.98264789
186.5,350.9233866,-54.00991645
187,233.9489244,-54.029394
187.5,116.9744622,-54.04108053
188,0,0
188.5,0,0
189,0,0
189.5,0,0
190,0,0
190.5,0,0
191,0,0
191.5,0,0
192,0,0
192.5,0,0
193,0,0
193.5,0,0
194,0,0
194.5,0,0
195,0,0
195.5,0,0
196,0,0
196.5,0,0
197,0,0
197.5,0,0
198,0,0
198.5,0,0
199,0,0
199.5,0,0
200,0,0
200.5,0,0
201,0,0
201.5,0,0
202,0,0
202.5,0,0
203,0,0
203.5,0,0
204,0,0
204.5,0,0
205,0,0
205.5,0,0
206,0,0
206.5,125.3297809,73.08357584
207,250.6595619,73.0969915
207.5,375.9893428,73.11935093
208,501.3191237,73.15065413
208.5,626.6489047,73.1909011
209,751.9786856,73.24009184
209.5,877.3084665,73.29822635
210,1002.638247,73.36530464
210.5,1002.638247,7.611470158
211,1002.638247,7.611470158
211.5,1002.638247,7.611470158
212,1002.638247,7.611470158
212.5,1002.638247,7.611470158
213,1002.638247,7.611470158
213.5,1002.638247,7.611470158
214,1002.638247,7.611470158
214.5,1002.638247,7.611470158
215,1002.638247,7.611470158
215.5,1002.638247,7.611470158
216,1002.638247,7.611470158
216.5,1002.638247,7.611470158
217,1002.638247,7.611470158
217.5,1002.638247,7.611470158
218,1002.638247,7.611470158
218.5,902.3744227,-45.04597555
219,802.110598,-45.09462967
219.5,701.8467732,-45.13755977
220,601.5829485,-45.17476586
220.5,501.3191237,-45.20624793
221,401.055299,-45.232006
221.5,300.7914742,-45.25204004
222,200.5276495,-45.26635008
222.5,100.2638247,-45.2749361
223,0,0
223.5,0,0
224,0,0
224.5,0,0
225,0,0
225.5,0,0
226,0,0
226.5,0,0
227,0,0
227.5,0,0
228,0,0
228.5,0,0
229,0,0
229.5,0,0
230,0,0
230.5,0,0
231,0,0
231.5,0,0
232,0,0
232.5,0,0
233,0,0
233.5,0,0
234,0,0
234.5,0,0
235,0,0
235.5,0,0
236,0,0
236.5,0,0
237,0,0
237.5,0,0
238,0,0
238.5,0,0
239,0,0
239.5,0,0
240,0,0
240.5,0,0
241,0,0
241.5,0,0
242,0,0
242.5,0,0
243,0,0
243.5,0,0
244,0,0
244.5,89.12339977,54.08581311
245,178.2467995,54.09259713
245.5,267.3701993,54.10390382
246,356.4935991,54.11973319
246.5,445.6169989,54.14008524
247,534.7403986,54.16495997
247.5,623.8637984,54.19435737
248,712.9871982,54.22827745
248.5,802.110598,54.26672021
249,891.2339977,54.30968564
249.5,980.3573975,54.35717376
250,1069.480797,54.40918455
250.5,1158.604197,54.46571801
251,1247.727597,54.52677416
251.5,1336.850997,54.59235298
252,1425.974396,54.66245448
252.5,1515.097796,54.73707866
253,1604.221196,54.81622551
253.5,1693.344596,54.89989504
254,1782.467995,54.98808725
254.5,1871.591395,55.08080214
255,1960.714795,55.1780397
255.5,2049.838195,55.27979995
256,2138.961595,55.38608286
256.5,2138.961595,8.627800568
257,2138.961595,8.627800568
257.5,2138.961595,8.627800568
258,2138.961595,8.627800568
258.5,2138.961595,8.627800568
259,2138.961595,8.627800568
259.5,2138.961595,8.627800568
260,2138.961595,8.627800568
260.5,2138.961595,8.627800568
261,2138.961595,8.627800568
261.5,2138.961595,8.627800568
262,2138.961595,8.627800568
262.5,2138.961595,8.627800568
263,2138.961595,8.627800568
263.5,2138.961595,8.627800568
264,2138.961595,8.627800568
264.5,2138.961595,8.627800568
265,2138.961595,8.627800568
265.5,2138.961595,8.627800568
266,2138.961595,8.627800568
266.5,2138.961595,8.627800568
267,2138.961595,8.627800568
267.5,2138.961595,8.627800568
268,2138.961595,8.627800568
268.5,2138.961595,8.627800568
269,2138.961595,8.627800568
269.5,2138.961595,8.627800568
270,2138.961595,8.627800568
270.5,2138.961595,8.627800568
271,2138.961595,8.627800568
271.5,2138.961595,8.627800568
272,2138.961595,8.627800568
272.5,2138.961595,8.627800568
273,2138.961595,8.627800568
273.5,2138.961595,8.627800568
274,2138.961595,8.627800568
274.5,2138.961595,8.627800568
275,2138.961595,8.627800568
275.5,2138.961595,8.627800568
276,2138.961595,8.627800568
276.5,2138.961595,8.627800568
277,2138.961595,8.627800568
277.5,2138.961595,8.627800568
278,2138.961595,8.627800568
278.5,2138.961595,8.627800568
279,2138.961595,8.627800568
279.5,2138.961595,8.627800568
280,2138.961595,8.627800568
280.5,2041.736068,-42.4969554
281,1944.51054,-42.60729378
281.5,1847.285013,-42.7122498
282,1750.059486,-42.81182345
282.5,1652.833959,-42.90601475
283,1555.608432,-42.99482369
283.5,1458.382905,-43.07825027
284,1361.157378,-43.15629449
284.5,1263.931851,-43.22895634
285,1166.706324,-43.29623584
285.5,1069.480797,-43.35813298
286,972.2552702,-43.41464776
286.5,875.0297432,-43.46578018
287,777.8042162,-43.51153024
287.5,680.5786892,-43.55189794
288,583.3531621,-43.58688328
288.5,486.1276351,-43.61648626
289,388.9021081,-43.64070687
289.5,291.6765811,-43.65954513
290,194.451054,-43.67300103
290.5,97.22552702,-43.68107457
291,0,0
291.5,0,0
292,0,0
292.5,0,0
293,0,0
293.5,0,0
294,0,0
294.5,0,0
295,0,0
295.5,0,0
296,0,0
296.5,0,0
297,0,0
297.5,0,0
298,0,0
298.5,0,0
299,0,0
299.5,0,0
300,0,0
300.5,0,0
301,0,0
301.5,0,0
302,0,0
302.5,0,0
303,0,0
303.5,0,0
304,0,0
304.5,0,0
305,0,0
305.5,0,0
306,0,0
306.5,0,0
307,0,0
307.5,0,0
308,0,0
308.5,0,0
309,0,0
309.5,0,0
310,0,0
310.5,0,0
311,0,0
311.5,0,0
312,0,0
312.5,208.8829682,116.9274155
313,417.7659364,116.9646812
313.5,626.6489047,117.0267908
314,835.5318729,117.1137441
314.5,1044.414841,117.2255412
315,1253.297809,117.3621822
315.5,1462.180778,117.5236669
316,1671.063746,117.7099955
316.5,1879.946714,117.9211679
317,2088.829682,118.1571841
317.5,2297.71265,118.4180441
318,2506.595619,118.7037479
318.5,2715.478587,119.0142955
319,2924.361555,119.3496869
319.5,3133.244523,119.7099221
320,3342.127491,120.0950012
320.5,3342.127491,10.50527702
321,3342.127491,10.50527702
321.5,3342.127491,10.50527702
322,3342.127491,10.50527702
322.5,3342.127491,10.50527702
323,3342.127491,10.50527702
323.5,3342.127491,10.50527702
324,3342.127491,10.50527702
324.5,3342.127491,10.50527702
325,3342.127491,10.50527702
325.5,3342.127491,10.50527702
326,3342.127491,10.50527702
326.5,3342.127491,10.50527702
327,3342.127491,10.50527702
327.5,3342.127491,10.50527702
328,3342.127491,10.50527702
328.5,3342.127491,10.50527702
329,3342.127491,10.50527702
329.5,3342.127491,10.50527702
330,3342.127491,10.50527702
330.5,3342.127491,10.50527702
331,3342.127491,10.50527702
331.5,3342.127491,10.50527702
332,3342.127491,10.50527702
332.5,3342.127491,10.50527702
333,3342.127491,10.50527702
333.5,3342.127491,10.50527702
334,3342.127491,10.50527702
334.5,3342.127491,10.50527702
335,3342.127491,10.50527702
335.5,3342.127491,10.50527702
336,3342.127491,10.50527702
336.5,3342.127491,10.50527702
337,3342.127491,10.50527702
337.5,3342.127491,10.50527702
338,3342.127491,10.50527702
338.5,3342.127491,10.50527702
339,3342.127491,10.50527702
339.5,3342.127491,10.50527702
340,3342.127491,10.50527702
340.5,3342.127491,10.50527702
341,3342.127491,10.50527702
341.5,3342.127491,10.50527702
342,3342.127491,10.50527702
342.5,3342.127491,10.50527702
343,3342.127491,10.50527702
343.5,3342.127491,10.50527702
344,3342.127491,10.50527702
344.5,3342.127491,10.50527702
345,3342.127491,10.50527702
345.5,3342.127491,10.50527702
346,3342.127491,10.50527702
346.5,3342.127491,10.50527702
347,3342.127491,10.50527702
347.5,3342.127491,10.50527702
348,3342.127491,10.50527702
348.5,3342.127491,10.50527702
349,3342.127491,10.50527702
349.5,3342.127491,10.50527702
350,3342.127491,10.50527702
350.5,3279.462601,-22.48977253
351,3216.797711,-22.6056689
351.5,3154.13282,-22.71932932
352,3091.46793,-22.83075381
352.5,3028.803039,-22.93994235
353,2966.138149,-23.04689494
353.5,2903.473258,-23.1516116
354,2840.808368,-23.25409231
354.5,2778.143477,-23.35433708
355,2715.478587,-23.45234591
355.5,2652.813696,-23.54811879
356,2590.148806,-23.64165573
356.5,2527.483915,-23.73295673
357,2464.819025,-23.82202178
357.5,2402.154135,-23.9088509
358,2339.489244,-23.99344406
358.5,2339.489244,8.883473175
359,2339.489244,8.883473175
359.5,2339.489244,8.883473175
360,2339.489244,8.883473175
360.5,2339.489244,8.883473175
361,2339.489244,8.883473175
361.5,2339.489244,8.883473175
362,2339.489244,8.883473175
362.5,2339.489244,8.883473175
363,2339.489244,8.883473175
363.5,2339.489244,8.883473175
364,2339.489244,8.883473175
364.5,2339.489244,8.883473175
365,2339.489244,8.883473175
365.5,2339.489244,8.883473175
366,2339.489244,8.883473175
366.5,2339.489244,8.883473175
367,2339.489244,8.883473175
367.5,2339.489244,8.883473175
368,2339.489244,8.883473175
368.5,2339.489244,8.883473175
369,2339.489244,8.883473175
369.5,2339.489244,8.883473175
370,2339.489244,8.883473175
370.5,2339.489244,8.883473175
371,2339.489244,8.883473175
371.5,2339.489244,8.883473175
372,2339.489244,8.883473175
372.5,2339.489244,8.883473175
373,2339.489244,8.883473175
373.5,2222.514782,-52.6386972
374,2105.54032,-52.78283104
374.5,1988.565857,-52.91917386
375,1871.591395,-53.04772567
375.5,1754.616933,-53.16848646
376,1637.642471,-53.28145622
376.5,1520.668009,-53.38663497
377,1403.693546,-53.4840227
377.5,1286.719084,-53.57361942
378,1169.744622,-53.65542511
378.5,1052.77016,-53.72943979
379,935.7956976,-53.79566344
379.5,818.8212354,-53.85409608
380,701.8467732,-53.9047377
380.5,584.872311,-53.9475883
381,467.8978488,-53.98264789
381.5,350.9233866,-54.00991645
382,233.9489244,-54.029394
382.5,116.9744622,-54.04108053
383,0,0
383.5,0,0
384,0,0
384.5,0,0
385,0,0
385.5,0,0
386,0,0
386.5,0,0
387,0,0
387.5,0,0
388,0,0
388.5,0,0
389,0,0
389.5,0,0
390,0,0
390.5,0,0
391,0,0
391.5,0,0
392,0,0
392.5,0,0
393,0,0
393.5,0,0
394,0,0
394.5,0,0
395,0,0
395.5,0,0
396,0,0
396.5,0,0
397,0,0
397.5,0,0
398,0,0
398.5,0,0
399,0,0
399.5,0,0
400,0,0
400.5,0,0
401,0,0
401.5,125.3297809,73.08357584
402,250.6595619,73.0969915
402.5,375.9893428,73.11935093
403,501.3191237,73.15065413
403.5,626.6489047,73.1909011
404,751.9786856,73.24009184
404.5,877.3084665,73.29822635
405,1002.638247,73.36530464
405.5,1002.638247,7.611470158
406,1002.638247,7.611470158
406.5,1002.638247,7.611470158
407,1002.638247,7.611470158
407.5,1002.638247,7.611470158
408,1002.638247,7.611470158
408.5,1002.638247,7.611470158
409,1002.638247,7.611470158
409.5,1002.638247,7.611470158
410,1002.638247,7.611470158
410.5,1002.638247,7.611470158
411,1002.638247,7.611470158
411.5,1002.638247,7.611470158
412,1002.638247,7.611470158
412.5,1002.638247,7.611470158
413,1002.638247,7.611470158
413.5,902.3744227,-45.04597555
414,802.110598,-45.09462967
414.5,701.8467732,-45.13755977
415,601.5829485,-45.17476586
415.5,501.3191237,-45.20624793
416,401.055299,-45.232006
416.5,300.7914742,-45.25204004
417,200.5276495,-45.26635008
417.5,100.2638247,-45.2749361
418,0,0
418.5,0,0
419,0,0
419.5,0,0
420,0,0
420.5,0,0
421,0,0
421.5,0,0
422,0,0
422.5,0,0
423,0,0
423.5,0,0
424,0,0
424.5,0,0
425,0,0
425.5,0,0
426,0,0
426.5,0,0
427,0,0
427.5,0,0
428,0,0
428.5,0,0
429,0,0
429.5,0,0
430,0,0
430.5,0,0
431,0,0
431.5,0,0
432,0,0
432.5,0,0
433,0,0
433.5,0,0
434,0,0
434.5,0,0
435,0,0
435.5,0,0
436,0,0
436.5,0,0
437,0,0
437.5,0,0
438,0,0
438.5,0,0
439,0,0
439.5,89.12339977,54.08581311
440,178.2467995,54.09259713
440.5,267.3701993,54.10390382
441,356.4935991,54.11973319
441.5,445.6169989,54.14008524
442,534.7403986,54.16495997
442.5,623.8637984,54.19435737
443,712.9871982,54.22827745
443.5,802.110598,54.26672021
444,891.2339977,54.30968564
444.5,980.3573975,54.35717376
445,1069.480797,54.40918455
445.5,1158.604197,54.46571801
446,1247.727597,54.52677416
446.5,1336.850997,54.59235298
447,1425.974396,54.66245448
447.5,1515.097796,54.73707866
448,1604.221196,54.81622551
448.5,1693.344596,54.89989504
449,1782.467995,54.98808725
449.5,1871.591395,55.08080214
450,1960.714795,55.1780397
450.5,2049.838195,55.27979995
451,2138.961595,55.38608286
451.5,2138.961595,8.627800568
452,2138.961595,8.627800568
452.5,2138.961595,8.627800568
453,2138.961595,8.627800568
453.5,2138.961595,8.627800568
454,2138.961595,8.627800568
454.5,2138.961595,8.627800568
455,2138.961595,8.627800568
455.5,2138.961595,8.627800568
456,2138.961595,8.627800568
456.5,2138.961595,8.627800568
457,2138.961595,8.627800568
457.5,2138.961595,8.627800568
458,2138.961595,8.627800568
458.5,2138.961595,8.627800568
459,2138.961595,8.627800568
459.5,2138.961595,8.627800568
460,2138.961595,8.627800568
460.5,2138.961595,8.627800568
461,2138.961595,8.627800568
461.5,2138.961595,8.627800568
462,2138.961595,8.627800568
462.5,2138.961595,8.627800568
463,2138.961595,8.627800568
463.5,2138.961595,8.627800568
464,2138.961595,8.627800568
464.5,2138.961595,8.627800568
465,2138.961595,8.627800568
465.5,2138.961595,8.627800568
466,2138.961595,8.627800568
466.5,2138.961595,8.627800568
467,2138.961595,8.627800568
467.5,2138.961595,8.627800568
468,2138.961595,8.627800568
468.5,2138.961595,8.627800568
469,2138.961595,8.627800568
469.5,2138.961595,8.627800568
470,2138.961595,8.627800568
470.5,2138.961595,8.627800568
471,2138.961595,8.627800568
471.5,2138.961595,8.627800568
472,2138.961595,8.627800568
472.5,2138.961595,8.627800568
473,2138.961595,8.627800568
473.5,2138.961595,8.627800568
474,2138.961595,8.627800568
474.5,2138.961595,8.627800568
475,2138.961595,8.627800568
475.5,2041.736068,-42.4969554
476,1944.51054,-42.60729378
476.5,1847.285013,-42.7122498
477,1750.059486,-42.81182345
477.5,1652.833959,-42.90601475
478,1555.608432,-42.99482369
478.5,1458.382905,-43.07825027
479,1361.157378,-43.15629449
479.5,1263.931851,-43.22895634
480,1166.706324,-43.29623584
480.5,1069.480797,-43.35813298
481,972.2552702,-43.41464776
481.5,875.0297432,-43.46578018
482,777.8042162,-43.51153024
482.5,680.5786892,-43.55189794
483,583.3531621,-43.58688328
483.5,486.1276351,-43.61648626
484,388.9021081,-43.64070687
484.5,291.6765811,-43.65954513
485,194.451054,-43.67300103
485.5,97.22552702,-43.68107457
486,0,0
486.5,0,0
487,0,0
487.5,0,0
488,0,0
488.5,0,0
489,0,0
489.5,0,0
490,0,0
490.5,0,0
491,0,0
491.5,0,0
492,0,0
492.5,0,0
493,0,0
493.5,0,0
494,0,0
494.5,0,0
495,0,0
495.5,0,0
496,0,0
496.5,0,0
497,0,0
497.5,0,0
498,0,0
498.5,0,0
499,0,0
499.5,0,0
500,0,0
500.5,0,0
501,0,0
501.5,0,0
502,0,0
502.5,0,0
503,0,0
503.5,0,0
504,0,0
504.5,0,0
505,0,0
505.5,0,0
506,0,0
506.5,0,0
507,0,0
507.5,208.8829682,116.9274155
508,417.7659364,116.9646812
508.5,626.6489047,117.0267908
509,835.5318729,117.1137441
509.5,1044.414841,117.2255412
510,1253.297809,117.3621822
510.5,1462.180778,117.5236669
511,1671.063746,117.7099955
511.5,1879.946714,117.9211679
512,2088.829682,118.1571841
512.5,2297.71265,118.4180441
513,2506.595619,118.7037479
513.5,2715.478587,119.0142955
514,2924.361555,119.3496869
514.5,3133.244523,119.7099221
515,3342.127491,120.0950012
515.5,3342.127491,10.50527702
516,3342.127491,10.50527702
516.5,3342.127491,10.50527702
517,3342.127491,10.50527702
517.5,3342.127491,10.50527702
518,3342.127491,10.50527702
518.5,3342.127491,10.50527702
519,3342.127491,10.50527702
519.5,3342.127491,10.50527702
520,3342.127491,10.50527702
520.5,3342.127491,10.50527702
521,3342.127491,10.50527702
521.5,3342.127491,10.50527702
522,3342.127491,10.50527702
522.5,3342.127491,10.50527702
523,3342.127491,10.50527702
523.5,3342.127491,10.50527702
524,3342.127491,10.50527702
524.5,3342.127491,10.50527702
525,3342.127491,10.50527702
525.5,3342.127491,10.50527702
526,3342.127491,10.50527702
526.5,3342.127491,10.50527702
527,3342.127491,10.50527702
527.5,3342.127491,10.50527702
528,3342.127491,10.50527702
528.5,3342.127491,10.50527702
529,3342.127491,10.50527702
529.5,3342.127491,10.50527702
530,3342.127491,10.50527702
530.5,3342.127491,10.50527702
531,3342.127491,10.50527702
531.5,3342.127491,10.50527702
532,3342.127491,10.50527702
532.5,3342.127491,10.50527702
533,3342.127491,10.50527702
533.5,3342.127491,10.50527702
534,3342.127491,10.50527702
534.5,3342.127491,10.50527702
535,3342.127491,10.50527702
535.5,3342.127491,10.50527702
536,3342.127491,10.50527702
536.5,3342.127491,10.50527702
537,3342.127491,10.50527702
537.5,3342.127491,10.50527702
538,3342.127491,10.50527702
538.5,3342.127491,10.50527702
539,3342.127491,10.50527702
539.5,3342.127491,10.50527702
540,3342.127491,10.50527702
540.5,3342.127491,10.50527702
541,3342.127491,10.50527702
541.5,3342.127491,10.50527702
542,3342.127491,10.50527702
542.5,3342.127491,10.50527702
543,3342.127491,10.50527702
543.5,3342.127491,10.50527702
544,3342.127491,10.50527702
544.5,3342.127491,10.50527702
545,3342.127491,10.50527702
545.5,3279.462601,-22.48977253
546,3216.797711,-22.6056689
546.5,3154.13282,-22.71932932
547,3091.46793,-22.83075381
547.5,3028.803039,-22.93994235
548,2966.138149,-23.04689494
548.5,2903.473258,-23.1516116
549,2840.808368,-23.25409231
549.5,2778.143477,-23.35433708
550,2715.478587,-23.45234591
550.5,2652.813696,-23.54811879
551,2590.148806,-23.64165573
551.5,2527.483915,-23.73295673
552,2464.819025,-23.82202178
552.5,2402.154135,-23.9088509
553,2339.489244,-23.99344406
553.5,2339.489244,8.883473175
554,2339.489244,8.883473175
554.5,2339.489244,8.883473175
555,2339.489244,8.883473175
555.5,2339.489244,8.883473175
556,2339.489244,8.883473175
556.5,2339.489244,8.883473175
557,2339.489244,8.883473175
557.5,2339.489244,8.883473175
558,2339.489244,8.883473175
558.5,2339.489244,8.883473175
559,2339.489244,8.883473175
559.5,2339.489244,8.883473175
560,2339.489244,8.883473175
560.5,2339.489244,8.883473175
561,2339.489244,8.883473175
561.5,2339.489244,8.883473175
562,2339.489244,8.883473175
562.5,2339.489244,8.883473175
563,2339.489244,8.883473175
563.5,2339.489244,8.883473175
564,2339.489244,8.883473175
564.5,2339.489244,8.883473175
565,2339.489244,8.883473175
565.5,2339.489244,8.883473175
566,2339.489244,8.883473175
566.5,2339.489244,8.883473175
567,2339.489244,8.883473175
567.5,2339.489244,8.883473175
568,2339.489244,8.883473175
568.5,2222.514782,-52.6386972
569,2105.54032,-52.78283104
569.5,1988.565857,-52.91917386
570,1871.591395,-53.04772567
570.5,1754.616933,-53.16848646
571,1637.642471,-53.28145622
571.5,1520.668009,-53.38663497
572,1403.693546,-53.4840227
572.5,1286.719084,-53.57361942
573,1169.744622,-53.65542511
573.5,1052.77016,-53.72943979
574,935.7956976,-53.79566344
574.5,818.8212354,-53.85409608
575,701.8467732,-53.9047377
575.5,584.872311,-53.9475883
576,467.8978488,-53.98264789
576.5,350.9233866,-54.00991645
577,233.9489244,-54.029394
577.5,116.9744622,-54.04108053
578,0,0
578.5,0,0
579,0,0
579.5,0,0
580,0,0
580.5,0,0
581,0,0
581.5,0,0
582,0,0
582.5,0,0
583,0,0
583.5,0,0
584,0,0
584.5,0,0
585,0,0
585.5,0,0
586,0,0
586.5,0,0
587,0,0
587.5,0,0
588,0,0
588.5,0,0
589,0,0
589.5,0,0
590,0,0
590.5,0,0
591,0,0
591.5,0,0
592,0,0
592.5,0,0
593,0,0
593.5,0,0
594,0,0
594.5,0,0
595,0,0
595.5,0,0
596,0,0
596.5,125.3297809,73.08357584
597,250.6595619,73.0969915
597.5,375.9893428,73.11935093
598,501.3191237,73.15065413
598.5,626.6489047,73.1909011
599,751.9786856,73.24009184
599.5,877.3084665,73.29822635
600,1002.638247,73.36530464
600.5,1002.638247,7.611470158
601,1002.638247,7.611470158
601.5,1002.638247,7.611470158
602,1002.638247,7.611470158
602.5,1002.638247,7.611470158
603,1002.638247,7.611470158
603.5,1002.638247,7.611470158
604,1002.638247,7.611470158
604.5,1002.638247,7.611470158
605,1002.638247,7.611470158
605.5,1002.638247,7.611470158
606,1002.638247,7.611470158
606.5,1002.638247,7.611470158
607,1002.638247,7.611470158
607.5,1002.638247,7.611470158
608,1002.638247,7.611470158
608.5,902.3744227,-45.04597555
609,802.110598,-45.09462967
609.5,701.8467732,-45.13755977
610,601.5829485,-45.17476586
610.5,501.3191237,-45.20624793
611,401.055299,-45.232006
611.5,300.7914742,-45.25204004
612,200.5276495,-45.26635008
612.5,100.2638247,-45.2749361
613,0,0
613.5,0,0
614,0,0
614.5,0,0
615,0,0
615.5,0,0
616,0,0
616.5,0,0
617,0,0
617.5,0,0
618,0,0
618.5,0,0
619,0,0
619.5,0,0
620,0,0
620.5,0,0
621,0,0
621.5,0,0
622,0,0
622.5,0,0
623,0,0
623.5,0,0
624,0,0
624.5,0,0
625,0,0
625.5,0,0
626,0,0
626.5,0,0
627,0,0
627.5,0,0
628,0,0
628.5,0,0
629,0,0
629.5,0,0
630,0,0
630.5,0,0
631,0,0
631.5,0,0
632,0,0
632.5,0,0
633,0,0
633.5,0,0
634,0,0
634.5,89.12339977,54.08581311
635,178.2467995,54.09259713
635.5,267.3701993,54.10390382
636,356.4935991,54.11973319
636.5,445.6169989,54.14008524
637,534.7403986,54.16495997
637.5,623.8637984,54.19435737
638,712.9871982,54.22827745
638.5,802.110598,54.26672021
639,891.2339977,54.30968564
639.5,980.3573975,54.35717376
640,1069.480797,54.40918455
640.5,1158.604197,54.46571801
641,1247.727597,54.52677416
641.5,1336.850997,54.59235298
642,1425.974396,54.66245448
642.5,1515.097796,54.73707866
643,1604.221196,54.81622551
643.5,1693.344596,54.89989504
644,1782.467995,54.98808725
644.5,1871.591395,55.08080214
645,1960.714795,55.1780397
645.5,2049.838195,55.27979995
646,2138.961595,55.38608286
646.5,2138.961595,8.627800568
647,2138.961595,8.627800568
647.5,2138.961595,8.627800568
648,2138.961595,8.627800568
648.5,2138.961595,8.627800568
649,2138.961595,8.627800568
649.5,2138.961595,8.627800568
650,2138.961595,8.627800568
650.5,2138.961595,8.627800568
651,2138.961595,8.627800568
651.5,2138.961595,8.627800568
652,2138.961595,8.627800568
652.5,2138.961595,8.627800568
653,2138.961595,8.627800568
653.5,2138.961595,8.627800568
654,2138.961595,8.627800568
654.5,2138.961595,8.627800568
655,2138.961595,8.627800568
655.5,2138.961595,8.627800568
656,2138.961595,8.627800568
656.5,2138.961595,8.627800568
657,2138.961595,8.627800568
657.5,2138.961595,8.627800568
658,2138.961595,8.627800568
658.5,2138.961595,8.627800568
659,2138.961595,8.627800568
659.5,2138.961595,8.627800568
660,2138.961595,8.627800568
660.5,2138.961595,8.627800568
661,2138.961595,8.627800568
661.5,2138.961595,8.627800568
662,2138.961595,8.627800568
662.5,2138.961595,8.627800568
663,2138.961595,8.627800568
663.5,2138.961595,8.627800568
664,2138.961595,8.627800568
664.5,2138.961595,8.627800568
665,2138.961595,8.627800568
665.5,2138.961595,8.627800568
666,2138.961595,8.627800568
666.5,2138.961595,8.627800568
667,2138.961595,8.627800568
667.5,2138.961595,8.627800568
668,2138.961595,8.627800568
668.5,2138.961595,8.627800568
669,2138.961595,8.627800568
669.5,2138.961595,8.627800568
670,2138.961595,8.627800568
670.5,2041.736068,-42.4969554
671,1944.51054,-42.60729378
671.5,1847.285013,-42.7122498
672,1750.059486,-42.81182345
672.5,1652.833959,-42.90601475
673,1555.608432,-42.99482369
673.5,1458.382905,-43.07825027
674,1361.157378,-43.15629449
674.5,1263.931851,-43.22895634
675,1166.706324,-43.29623584
675.5,1069.480797,-43.35813298
676,972.2552702,-43.41464776
676.5,875.0297432,-43.46578018
677,777.8042162,-43.51153024
677.5,680.5786892,-43.55189794
678,583.3531621,-43.58688328
678.5,486.1276351,-43.61648626
679,388.9021081,-43.64070687
679.5,291.6765811,-43.65954513
680,194.451054,-43.67300103
680.5,97.22552702,-43.68107457
681,0,0
681.5,0,0
682,0,0
682.5,0,0
683,0,0
683.5,0,0
684,0,0
684.5,0,0
685,0,0
685.5,0,0
686,0,0
686.5,0,0
687,0,0
687.5,0,0
688,0,0
688.5,0,0
689,0,0
689.5,0,0
690,0,0
690.5,0,0
691,0,0
691.5,0,0
692,0,0
692.5,0,0
693,0,0
693.5,0,0
694,0,0
694.5,0,0
695,0,0
695.5,0,0
696,0,0
696.5,0,0
697,0,0
697.5,0,0
698,0,0
698.5,0,0
699,0,0
699.5,0,0
700,0,0
700.5,0,0
701,0,0
701.5,0,0
702,0,0
702.5,208.8829682,116.9274155
703,417.7659364,116.9646812
703.5,626.6489047,117.0267908
704,835.5318729,117.1137441
704.5,1044.414841,117.2255412
705,1253.297809,117.3621822
705.5,1462.180778,117.5236669
706,1671.063746,117.7099955
706.5,1879.946714,117.9211679
707,2088.829682,118.1571841
707.5,2297.71265,118.4180441
708,2506.595619,118.7037479
708.5,2715.478587,119.0142955
709,2924.361555,119.3496869
709.5,3133.244523,119.7099221
710,3342.127491,120.0950012
710.5,3342.127491,10.50527702
711,3342.127491,10.50527702
711.5,3342.127491,10.50527702
712,3342.127491,10.50527702
712.5,3342.127491,10.50527702
713,3342.127491,10.50527702
713.5,3342.127491,10.50527702
714,3342.127491,10.50527702
714.5,3342.127491,10.50527702
715,3342.127491,10.50527702
715.5,3342.127491,10.50527702
716,3342.127491,10.50527702
716.5,3342.127491,10.50527702
717,3342.127491,10.50527702
717.5,3342.127491,10.50527702
718,3342.127491,10.50527702
718.5,3342.127491,10.50527702
719,3342.127491,10.50527702
719.5,3342.127491,10.50527702
720,3342.127491,10.50527702
720.5,3342.127491,10.50527702
721,3342.127491,10.50527702
721.5,3342.127491,10.50527702
722,3342.127491,10.50527702
722.5,3342.127491,10.50527702
723,3342.127491,10.50527702
723.5,3342.127491,10.50527702
724,3342.127491,10.50527702
724.5,3342.127491,10.50527702
725,3342.127491,10.50527702
725.5,3342.127491,10.50527702
726,3342.127491,10.50527702
726.5,3342.127491,10.50527702
727,3342.127491,10.50527702
727.5,3342.127491,10.50527702
728,3342.127491,10.50527702
728.5,3342.127491,10.50527702
729,3342.127491,10.50527702
729.5,3342.127491,10.50527702
730,3342.127491,10.50527702
730.5,3342.127491,10.50527702
731,3342.127491,10.50527702
731.5,3342.127491,10.50527702
732,3342.127491,10.50527702
732.5,3342.127491,10.50527702
733,3342.127491,10.50527702
733.5,3342.127491,10.50527702
734,3342.127491,10.50527702
734.5,3342.127491,10.50527702
735,3342.127491,10.50527702
735.5,3342.127491,10.50527702
736,3342.127491,10.50527702
736.5,3342.127491,10.50527702
737,3342.127491,10.50527702
737.5,3342.127491,10.50527702
738,3342.127491,10.50527702
738.5,3342.127491,10.50527702
739,3342.127491,10.50527702
739.5,3342.127491,10.50527702
740,3342.127491,10.50527702
740.5,3279.462601,-22.48977253
741,3216.797711,-22.6056689
741.5,3154.13282,-22.71932932
742,3091.46793,-22.83075381
742.5,3028.803039,-22.93994235
743,2966.138149,-23.04689494
743.5,2903.473258,-23.1516116
744,2840.808368,-23.25409231
744.5,2778.143477,-23.35433708
745,2715.478587,-23.45234591
745.5,2652.813696,-23.54811879
746,2590.148806,-23.64165573
746.5,2527.483915,-23.73295673
747,2464.819025,-23.82202178
747.5,2402.154135,-23.9088509
748,2339.489244,-23.99344406
748.5,2339.489244,8.883473175
749,2339.489244,8.883473175
749.5,2339.489244,8.883473175
750,2339.489244,8.883473175
750.5,2339.489244,8.883473175
751,2339.489244,8.883473175
751.5,2339.489244,8.883473175
752,2339.489244,8.883473175
752.5,2339.489244,8.883473175
753,2339.489244,8.883473175
753.5,2339.489244,8.883473175
754,2339.489244,8.883473175
754.5,2339.489244,8.883473175
755,2339.489244,8.883473175
755.5,2339.489244,8.883473175
756,2339.489244,8.883473175
756.5,2339.489244,8.883473175
757,2339.489244,8.883473175
757.5,2339.489244,8.883473175
758,2339.489244,8.883473175
758.5,2339.489244,8.883473175
759,2339.489244,8.883473175
759.5,2339.489244,8.883473175
760,2339.489244,8.883473175
760.5,2339.489244,8.883473175
761,2339.489244,8.883473175
761.5,2339.489244,8.883473175
762,2339.489244,8.883473175
762.5,2339.489244,8.883473175
763,2339.489244,8.883473175
763.5,2222.514782,-52.6386972
764,2105.54032,-52.78283104
764.5,1988.565857,-52.91917386
765,1871.591395,-53.04772567
765.5,1754.616933,-53.16848646
766,1637.642471,-53.28145622
766.5,1520.668009,-53.38663497
767,1403.693546,-53.4840227
767.5,1286.719084,-53.57361942
768,1169.744622,-53.65542511
768.5,1052.77016,-53.72943979
769,935.7956976,-53.79566344
769.5,818.8212354,-53.85409608
770,701.8467732,-53.9047377
770.5,584.872311,-53.9475883
771,467.8978488,-53.98264789
771.5,350.9233866,-54.00991645
772,233.9489244,-54.029394
772.5,116.9744622,-54.04108053
773,0,0
773.5,0,0
774,0,0
774.5,0,0
775,0,0
775.5,0,0
776,0,0
776.5,0,0
777,0,0
777.5,0,0
778,0,0
778.5,0,0
779,0,0
779.5,0,0
780,0,0
780.5,0,0
781,0,0
781.5,0,0
782,0,0
782.5,0,0
783,0,0
783.5,0,0
784,0,0
784.5,0,0
785,0,0
785.5,0,0
786,0,0
786.5,0,0
787,0,0
787.5,0,0
788,0,0
788.5,0,0
789,0,0
789.5,0,0
790,0,0
790.5,0,0
791,0,0
791.5,0,0
792,0,0
792.5,0,0
793,0,0
793.5,0,0
794,0,0
794.5,0,0
795,0,0
795.5,0,0
796,0,0
796.5,0,0
797,0,0
797.5,0,0
798,0,0
798.5,0,0
799,0,0
799.5,0,0
800,0,0
800.5,83.55318729,51.16314664
801,167.1063746,51.16910915
801.5,250.6595619,51.17904667
802,334.2127491,51.19295921
802.5,417.7659364,51.21084675
803,501.3191237,51.2327093
803.5,584.872311,51.25854686
804,668.4254983,51.28835943
804.5,751.9786856,51.32214701
805,835.5318729,51.3599096
805.5,919.0850602,51.4016472
806,1002.638247,51.44735981
806.5,1063.404202,39.52785941
807,1124.170156,39.56570413
807.5,1184.936111,39.60565133
808,1245.702065,39.64770102
808.5,1306.468019,39.69185319
809,1367.233974,39.73810784
809.5,1427.999928,39.78646498
810,1488.765883,39.83692461
810.5,1549.531837,39.88948672
811,1610.297791,39.94415131
811.5,1671.063746,40.00091838
812,1731.8297,40.05978795
812.5,1792.595655,40.12075999
813,1853.361609,40.18383452
813.5,1914.127563,40.24901154
814,1974.893518,40.31629103
814.5,2035.659472,40.38567302
815,2096.425426,40.45715748
815.5,2157.191381,40.53074443
816,2217.957335,40.60643387
816.5,2278.72329,40.68422579
817,2339.489244,40.76412019
817.5,2389.621156,35.25250263
818,2439.753069,35.32142929
818.5,2489.884981,35.39178696
819,2540.016894,35.46357563
819.5,2590.148806,35.5367953
820,2640.280718,35.61144598
820.5,2690.412631,35.68752766
821,2740.544543,35.76504034
821.5,2790.676455,35.84398403
822,2840.808368,35.92435872
822.5,2890.94028,36.00616441
823,2941.072193,36.08940111
823.5,2991.204105,36.17406881
824,3041.336017,36.26016752
824.5,3091.46793,36.34769722
825,3141.599842,36.43665794
825.5,3191.731754,36.52704965
826,3241.863667,36.61887237
826.5,3291.995579,36.71212609
827,3342.127491,36.80681081
827.5,3389.87217,35.64586316
828,3437.616848,35.73866746
828.5,3485.361527,35.83276973
829,3533.106205,35.92816995
829.5,3580.850884,36.02486814
830,3628.595562,36.12286429
830.5,3676.340241,36.22215841
831,3724.084919,36.32275048
831.5,3771.829598,36.42464052
832,3819.574276,36.52782852
832.5,3867.318954,36.63231448
833,3915.063633,36.73809841
833.5,3962.808311,36.84518029
834,4010.55299,36.95356014
834.5,4058.297668,37.06323795
835,4106.042347,37.17421373
835.5,4153.787025,37.28648746
836,4201.531704,37.40005916
836.5,4249.276382,37.51492882
837,4297.02106,37.63109644
837.5,4344.765739,37.74856203
838,4392.510417,37.86732557
838.5,4440.255096,37.98738708
839,4487.999774,38.10874656
839.5,4535.744453,38.23140399
840,4583.489131,38.35535939
840.5,4631.23381,38.48061274
841,4678.978488,38.60716406
841.5,4678.978488,13.55808426
842,4678.978488,13.55808426
842.5,4678.978488,13.55808426
843,4678.978488,13.55808426
843.5,4678.978488,13.55808426
844,4678.978488,13.55808426
844.5,4678.978488,13.55808426
845,4678.978488,13.55808426
845.5,4678.978488,13.55808426
846,4678.978488,13.55808426
846.5,4678.978488,13.55808426
847,4678.978488,13.55808426
847.5,4678.978488,13.55808426
848,4678.978488,13.55808426
848.5,4678.978488,13.55808426
849,4678.978488,13.55808426
849.5,4678.978488,13.55808426
850,4678.978488,13.55808426
850.5,4678.978488,13.55808426
851,4678.978488,13.55808426
851.5,4678.978488,13.55808426
852,4678.978488,13.55808426
852.5,4678.978488,13.55808426
853,4678.978488,13.55808426
853.5,4678.978488,13.55808426
854,4678.978488,13.55808426
854.5,4678.978488,13.55808426
855,4678.978488,13.55808426
855.5,4678.978488,13.55808426
856,4678.978488,13.55808426
856.5,4678.978488,13.55808426
857,4678.978488,13.55808426
857.5,4678.978488,13.55808426
858,4678.978488,13.55808426
858.5,4678.978488,13.55808426
859,4678.978488,13.55808426
859.5,4678.978488,13.55808426
860,4678.978488,13.55808426
860.5,4678.978488,13.55808426
861,4678.978488,13.55808426
861.5,4678.978488,13.55808426
862,4678.978488,13.55808426
862.5,4678.978488,13.55808426
863,4678.978488,13.55808426
863.5,4678.978488,13.55808426
864,4678.978488,13.55808426
864.5,4678.978488,13.55808426
865,4678.978488,13.55808426
865.5,4678.978488,13.55808426
866,4678.978488,13.55808426
866.5,4678.978488,13.55808426
867,4678.978488,13.55808426
867.5,4678.978488,13.55808426
868,4678.978488,13.55808426
868.5,4678.978488,13.55808426
869,4678.978488,13.55808426
869.5,4678.978488,13.55808426
870,4678.978488,13.55808426
870.5,4678.978488,13.55808426
871,4678.978488,13.55808426
871.5,4678.978488,13.55808426
872,4678.978488,13.55808426
872.5,4678.978488,13.55808426
873,4678.978488,13.55808426
873.5,4678.978488,13.55808426
874,4678.978488,13.55808426
874.5,4678.978488,13.55808426
875,4678.978488,13.55808426
875.5,4678.978488,13.55808426
876,4678.978488,13.55808426
876.5,4678.978488,13.55808426
877,4678.978488,13.55808426
877.5,4678.978488,13.55808426
878,4678.978488,13.55808426
878.5,4678.978488,13.55808426
879,4678.978488,13.55808426
879.5,4678.978488,13.55808426
880,4678.978488,13.55808426
880.5,4678.978488,13.55808426
881,4678.978488,13.55808426
881.5,4678.978488,13.55808426
882,4678.978488,13.55808426
882.5,4678.978488,13.55808426
883,4678.978488,13.55808426
883.5,4678.978488,13.55808426
884,4678.978488,13.55808426
884.5,4678.978488,13.55808426
885,4678.978488,13.55808426
885.5,4678.978488,13.55808426
886,4678.978488,13.55808426
886.5,4678.978488,13.55808426
887,4678.978488,13.55808426
887.5,4678.978488,13.55808426
888,4678.978488,13.55808426
888.5,4678.978488,13.55808426
889,4678.978488,13.55808426
889.5,4678.978488,13.55808426
890,4678.978488,13.55808426
890.5,4678.978488,13.55808426
891,4678.978488,13.55808426
891.5,4595.425301,-30.49841841
892,4511.872114,-30.71505643
892.5,4428.318926,-30.92771943
893,4344.765739,-31.13640743
893.5,4261.212552,-31.34112041
894,4177.659364,-31.54185839
894.5,4094.106177,-31.73862135
895,4010.55299,-31.93140931
895.5,3926.999802,-32.12022226
896,3843.446615,-32.3050602
896.5,3759.893428,-32.48592313
897,3676.340241,-32.66281105
897.5,3592.787053,-32.83572396
898,3509.233866,-33.00466186
898.5,3425.680679,-33.16962475
899,3342.127491,-33.33061263
899.5,3342.127491,10.50527702
900,3342.127491,10.50527702
900.5,3342.127491,10.50527702
901,3342.127491,10.50527702
901.5,3342.127491,10.50527702
902,3342.127491,10.50527702
902.5,3342.127491,10.50527702
903,3342.127491,10.50527702
903.5,3342.127491,10.50527702
904,3342.127491,10.50527702
904.5,3342.127491,10.50527702
905,3342.127491,10.50527702
905.5,3342.127491,10.50527702
906,3342.127491,10.50527702
906.5,3342.127491,10.50527702
907,3342.127491,10.50527702
907.5,3342.127491,10.50527702
908,3342.127491,10.50527702
908.5,3342.127491,10.50527702
909,3342.127491,10.50527702
909.5,3342.127491,10.50527702
910,3342.127491,10.50527702
910.5,3342.127491,10.50527702
911,3342.127491,10.50527702
911.5,3342.127491,10.50527702
912,3342.127491,10.50527702
912.5,3342.127491,10.50527702
913,3342.127491,10.50527702
913.5,3342.127491,10.50527702
914,3342.127491,10.50527702
914.5,3342.127491,10.50527702
915,3342.127491,10.50527702
915.5,3342.127491,10.50527702
916,3342.127491,10.50527702
916.5,3342.127491,10.50527702
917,3342.127491,10.50527702
917.5,3342.127491,10.50527702
918,3342.127491,10.50527702
918.5,3342.127491,10.50527702
919,3342.127491,10.50527702
919.5,3342.127491,10.50527702
920,3342.127491,10.50527702
920.5,3342.127491,10.50527702
921,3342.127491,10.50527702
921.5,3342.127491,10.50527702
922,3342.127491,10.50527702
922.5,3342.127491,10.50527702
923,3342.127491,10.50527702
923.5,3342.127491,10.50527702
924,3342.127491,10.50527702
924.5,3342.127491,10.50527702
925,3342.127491,10.50527702
925.5,3342.127491,10.50527702
926,3342.127491,10.50527702
926.5,3342.127491,10.50527702
927,3342.127491,10.50527702
927.5,3342.127491,10.50527702
928,3342.127491,10.50527702
928.5,3342.127491,10.50527702
929,3342.127491,10.50527702
929.5,3342.127491,10.50527702
930,3342.127491,10.50527702
930.5,3342.127491,10.50527702
931,3342.127491,10.50527702
931.5,3342.127491,10.50527702
932,3342.127491,10.50527702
932.5,3342.127491,10.50527702
933,3342.127491,10.50527702
933.5,3342.127491,10.50527702
934,3342.127491,10.50527702
934.5,3342.127491,10.50527702
935,3342.127491,10.50527702
935.5,3342.127491,10.50527702
936,3342.127491,10.50527702
936.5,3342.127491,10.50527702
937,3342.127491,10.50527702
937.5,3342.127491,10.50527702
938,3342.127491,10.50527702
938.5,3342.127491,10.50527702
939,3342.127491,10.50527702
939.5,3342.127491,10.50527702
940,3342.127491,10.50527702
940.5,3342.127491,10.50527702
941,3342.127491,10.50527702
941.5,3342.127491,10.50527702
942,3342.127491,10.50527702
942.5,3342.127491,10.50527702
943,3342.127491,10.50527702
943.5,3342.127491,10.50527702
944,3342.127491,10.50527702
944.5,3342.127491,10.50527702
945,3342.127491,10.50527702
945.5,3342.127491,10.50527702
946,3342.127491,10.50527702
946.5,3342.127491,10.50527702
947,3342.127491,10.50527702
947.5,3342.127491,10.50527702
948,3342.127491,10.50527702
948.5,3342.127491,10.50527702
949,3342.127491,10.50527702
949.5,3342.127491,10.50527702
950,3342.127491,10.50527702
950.5,3342.127491,10.50527702
951,3342.127491,10.50527702
951.5,3342.127491,10.50527702
952,3342.127491,10.50527702
952.5,3342.127491,10.50527702
953,3342.127491,10.50527702
953.5,3342.127491,10.50527702
954,3342.127491,10.50527702
954.5,3342.127491,10.50527702
955,3342.127491,10.50527702
955.5,3342.127491,10.50527702
956,3342.127491,10.50527702
956.5,3342.127491,10.50527702
957,3342.127491,10.50527702
957.5,3342.127491,10.50527702
958,3342.127491,10.50527702
958.5,3342.127491,10.50527702
959,3342.127491,10.50527702
959.5,3342.127491,10.50527702
960,3342.127491,10.50527702
960.5,3342.127491,10.50527702
961,3342.127491,10.50527702
961.5,3342.127491,10.50527702
962,3342.127491,10.50527702
962.5,3342.127491,10.50527702
963,3342.127491,10.50527702
963.5,3342.127491,10.50527702
964,3342.127491,10.50527702
964.5,3342.127491,10.50527702
965,3342.127491,10.50527702
965.5,3342.127491,10.50527702
966,3342.127491,10.50527702
966.5,3342.127491,10.50527702
967,3342.127491,10.50527702
967.5,3342.127491,10.50527702
968,3342.127491,10.50527702
968.5,3393.544838,37.57980817
969,3444.962184,37.67991255
969.5,3496.37953,37.78152225
970,3547.796876,37.88463729
970.5,3599.214222,37.98925766
971,3650.631568,38.09538335
971.5,3702.048914,38.20301438
972,3753.46626,38.31215073
972.5,3804.883606,38.42279241
973,3856.300952,38.53493943
973.5,3907.718298,38.64859177
974,3959.135644,38.76374944
974.5,4010.55299,38.88041243
975,4061.970336,38.99858076
975.5,4113.387682,39.11825442
976,4164.805028,39.2394334
976.5,4216.222374,39.36211772
977,4267.63972,39.48630736
977.5,4319.057066,39.61200234
978,4370.474412,39.73920264
978.5,4421.891758,39.86790827
979,4473.309104,39.99811923
979.5,4524.72645,40.12983552
980,4576.143796,40.26305713
980.5,4627.561142,40.39778408
981,4678.978488,40.53401636
981.5,4678.978488,13.55808426
982,4678.978488,13.55808426
982.5,4678.978488,13.55808426
983,4678.978488,13.55808426
983.5,4678.978488,13.55808426
984,4678.978488,13.55808426
984.5,4678.978488,13.55808426
985,4678.978488,13.55808426
985.5,4678.978488,13.55808426
986,4678.978488,13.55808426
986.5,4678.978488,13.55808426
987,4678.978488,13.55808426
987.5,4678.978488,13.55808426
988,4678.978488,13.55808426
988.5,4678.978488,13.55808426
989,4678.978488,13.55808426
989.5,4678.978488,13.55808426
990,4678.978488,13.55808426
990.5,4678.978488,13.55808426
991,4678.978488,13.55808426
991.5,4678.978488,13.55808426
992,4678.978488,13.55808426
992.5,4678.978488,13.55808426
993,4678.978488,13.55808426
993.5,4678.978488,13.55808426
994,4678.978488,13.55808426
994.5,4678.978488,13.55808426
995,4678.978488,13.55808426
995.5,4678.978488,13.55808426
996,4678.978488,13.55808426
996.5,4678.978488,13.55808426
997,4678.978488,13.55808426
997.5,4678.978488,13.55808426
998,4678.978488,13.55808426
998.5,4678.978488,13.55808426
999,4678.978488,13.55808426
999.5,4678.978488,13.55808426
1000,4678.978488,13.55808426
1000.5,4678.978488,13.55808426
1001,4678.978488,13.55808426
1001.5,4678.978488,13.55808426
1002,4678.978488,13.55808426
1002.5,4678.978488,13.55808426
1003,4678.978488,13.55808426
1003.5,4678.978488,13.55808426
1004,4678.978488,13.55808426
1004.5,4678.978488,13.55808426
1005,4678.978488,13.55808426
1005.5,4678.978488,13.55808426
1006,4678.978488,13.55808426
1006.5,4678.978488,13.55808426
1007,4678.978488,13.55808426
1007.5,4678.978488,13.55808426
1008,4678.978488,13.55808426
1008.5,4678.978488,13.55808426
1009,4678.978488,13.55808426
1009.5,4678.978488,13.55808426
1010,4678.978488,13.55808426
1010.5,4678.978488,13.55808426
1011,4678.978488,13.55808426
1011.5,4678.978488,13.55808426
1012,4678.978488,13.55808426
1012.5,4678.978488,13.55808426
1013,4678.978488,13.55808426
1013.5,4678.978488,13.55808426
1014,4678.978488,13.55808426
1014.5,4678.978488,13.55808426
1015,4678.978488,13.55808426
1015.5,4678.978488,13.55808426
1016,4678.978488,13.55808426
1016.5,4678.978488,13.55808426
1017,4678.978488,13.55808426
1017.5,4678.978488,13.55808426
1018,4678.978488,13.55808426
1018.5,4678.978488,13.55808426
1019,4678.978488,13.55808426
1019.5,4678.978488,13.55808426
1020,4678.978488,13.55808426
1020.5,4678.978488,13.55808426
1021,4678.978488,13.55808426
1021.5,4678.978488,13.55808426
1022,4678.978488,13.55808426
1022.5,4678.978488,13.55808426
1023,4678.978488,13.55808426
1023.5,4678.978488,13.55808426
1024,4678.978488,13.55808426
1024.5,4678.978488,13.55808426
1025,4678.978488,13.55808426
1025.5,4678.978488,13.55808426
1026,4678.978488,13.55808426
1026.5,4678.978488,13.55808426
1027,4678.978488,13.55808426
1027.5,4678.978488,13.55808426
1028,4678.978488,13.55808426
1028.5,4678.978488,13.55808426
1029,4678.978488,13.55808426
1029.5,4678.978488,13.55808426
1030,4678.978488,13.55808426
1030.5,4678.978488,13.55808426
1031,4678.978488,13.55808426
1031.5,4707.625295,28.66408596
1032,4736.272102,28.74110704
1032.5,4764.918909,28.81859539
1033,4793.565716,28.896551
1033.5,4822.212523,28.97497388
1034,4850.85933,29.05386403
1034.5,4879.506138,29.13322144
1035,4908.152945,29.21304612
1035.5,4936.799752,29.29333806
1036,4965.446559,29.37409727
1036.5,4994.093366,29.45532375
1037,5022.740173,29.5370175
1037.5,5051.38698,29.61917851
1038,5080.033787,29.70180679
1038.5,5108.680594,29.78490233
1039,5137.327401,29.86846514
1039.5,5165.974208,29.95249522
1040,5194.621015,30.03699256
1040.5,5223.267822,30.12195717
1041,5251.914629,30.20738905
1041.5,5280.561437,30.29328819
1042,5309.208244,30.3796546
1042.5,5337.855051,30.46648827
1043,5366.501858,30.55378922
1043.5,5395.148665,30.64155742
1044,5423.795472,30.7297929
1044.5,5452.442279,30.81849564
1045,5481.089086,30.90766565
1045.5,5509.735893,30.99730292
1046,5538.3827,31.08740746
1046.5,5567.029507,31.17797927
1047,5595.676314,31.26901834
1047.5,5624.323121,31.36052468
1048,5652.969928,31.45249829
1048.5,5681.616736,31.54493916
1049,5710.263543,31.6378473
1049.5,5738.91035,31.7312227
1050,5767.557157,31.82506537
1050.5,5796.203964,31.91937531
1051,5824.850771,32.01415252
1051.5,5853.497578,32.10939699
1052,5882.144385,32.20510872
1052.5,5910.791192,32.30128773
1053,5939.437999,32.397934
1053.5,5968.084806,32.49504753
1054,5996.731613,32.59262834
1054.5,6025.37842,32.69067641
1055,6054.025227,32.78919174
1055.5,6082.672034,32.88817435
1056,6111.318842,32.98762421
1056.5,6139.965649,33.08754135
1057,6168.612456,33.18792575
1057.5,6197.259263,33.28877742
1058,6225.90607,33.39009635
1058.5,6254.552877,33.49188255
1059,6283.199684,33.59413602
1059.5,6311.846491,33.69685675
1060,6340.493298,33.80004475
1060.5,6369.140105,33.90370002
1061,6397.786912,34.00782255
1061.5,6426.433719,34.11241235
1062,6455.080526,34.21746942
1062.5,6483.727333,34.32299375
1063,6512.374141,34.42898535
1063.5,6541.020948,34.53544421
1064,6569.667755,34.64237034
1064.5,6598.314562,34.74976374
1065,6626.961369,34.8576244
1065.5,6655.608176,34.96595233
1066,6684.254983,35.07474753
1066.5,6684.254983,20.04529965
1067,6684.254983,20.04529965
1067.5,6684.254983,20.04529965
1068,6684.254983,20.04529965
1068.5,6684.254983,20.04529965
1069,6684.254983,20.04529965
1069.5,6684.254983,20.04529965
1070,6684.254983,20.04529965
1070.5,6684.254983,20.04529965
1071,6684.254983,20.04529965
1071.5,6684.254983,20.04529965
1072,6684.254983,20.04529965
1072.5,6684.254983,20.04529965
1073,6684.254983,20.04529965
1073.5,6684.254983,20.04529965
1074,6684.254983,20.04529965
1074.5,6684.254983,20.04529965
1075,6684.254983,20.04529965
1075.5,6684.254983,20.04529965
1076,6684.254983,20.04529965
1076.5,6684.254983,20.04529965
1077,6684.254983,20.04529965
1077.5,6684.254983,20.04529965
1078,6684.254983,20.04529965
1078.5,6684.254983,20.04529965
1079,6684.254983,20.04529965
1079.5,6684.254983,20.04529965
1080,6684.254983,20.04529965
1080.5,6684.254983,20.04529965
1081,6684.254983,20.04529965
1081.5,6684.254983,20.04529965
1082,6684.254983,20.04529965
1082.5,6684.254983,20.04529965
1083,6684.254983,20.04529965
1083.5,6684.254983,20.04529965
1084,6684.254983,20.04529965
1084.5,6684.254983,20.04529965
1085,6684.254983,20.04529965
1085.5,6684.254983,20.04529965
1086,6684.254983,20.04529965
1086.5,6684.254983,20.04529965
1087,6684.254983,20.04529965
1087.5,6684.254983,20.04529965
1088,6684.254983,20.04529965
1088.5,6684.254983,20.04529965
1089,6684.254983,20.04529965
1089.5,6684.254983,20.04529965
1090,6684.254983,20.04529965
1090.5,6684.254983,20.04529965
1091,6684.254983,20.04529965
1091.5,6684.254983,20.04529965
1092,6684.254983,20.04529965
1092.5,6684.254983,20.04529965
1093,6684.254983,20.04529965
1093.5,6684.254983,20.04529965
1094,6684.254983,20.04529965
1094.5,6684.254983,20.04529965
1095,6684.254983,20.04529965
1095.5,6684.254983,20.04529965
1096,6684.254983,20.04529965
1096.5,6717.676258,37.70717381
1097,6751.097533,37.83532812
1097.5,6784.518808,37.96411842
1098,6817.940083,38.09354473
1098.5,6851.361358,38.22360704
1099,6884.782632,38.35430535
1099.5,6918.203907,38.48563966
1100,6951.625182,38.61760997
1100.5,6985.046457,38.75021629
1101,7018.467732,38.8834586
1101.5,7051.889007,39.01733692
1102,7085.310282,39.15185124
1102.5,7118.731557,39.28700156
1103,7152.152832,39.42278788
1103.5,7185.574107,39.55921021
1104,7218.995382,39.69626853
1104.5,7252.416657,39.83396286
1105,7285.837931,39.97229319
1105.5,7319.259206,40.11125952
1106,7352.680481,40.25086185
1106.5,7386.101756,40.39110018
1107,7419.523031,40.53197451
1107.5,7452.944306,40.67348485
1108,7486.365581,40.81563119
1108.5,7519.786856,40.95841353
1109,7553.208131,41.10183187
1109.5,7586.629406,41.24588621
1110,7620.050681,41.39057655
1110.5,7653.471955,41.5359029
1111,7686.89323,41.68186524
1111.5,7720.314505,41.82846359
1112,7753.73578,41.97569794
1112.5,7787.157055,42.12356829
1113,7820.57833,42.27207464
1113.5,7853.999605,42.421217
1114,7887.42088,42.57099535
1114.5,7920.842155,42.72140971
1115,7954.26343,42.87246007
1115.5,7987.684705,43.02414643
1116,8021.10598,43.17646879
1116.5,8021.10598,25.64211293
1117,8021.10598,25.64211293
1117.5,8021.10598,25.64211293
1118,8021.10598,25.64211293
1118.5,8021.10598,25.64211293
1119,8021.10598,25.64211293
1119.5,8021.10598,25.64211293
1120,8021.10598,25.64211293
1120.5,8021.10598,25.64211293
1121,8021.10598,25.64211293
1121.5,8021.10598,25.64211293
1122,8021.10598,25.64211293
1122.5,8021.10598,25.64211293
1123,8021.10598,25.64211293
1123.5,8021.10598,25.64211293
1124,8021.10598,25.64211293
1124.5,8021.10598,25.64211293
1125,8021.10598,25.64211293
1125.5,8021.10598,25.64211293
1126,8021.10598,25.64211293
1126.5,7937.552792,-18.57339013
1127,7853.999605,-18.94902852
1127.5,7770.446418,-19.3206919
1128,7686.89323,-19.68838027
1128.5,7603.340043,-20.05209363
1129,7519.786856,-20.41183199
1129.5,7436.233669,-20.76759533
1130,7352.680481,-21.11938367
1130.5,7269.127294,-21.46719699
1131,7185.574107,-21.81103531
1131.5,7102.020919,-22.15089861
1132,7018.467732,-22.48678691
1132.5,6934.914545,-22.8187002
1133,6851.361358,-23.14663847
1133.5,6767.80817,-23.47060174
1134,6684.254983,-23.79059
1134.5,6600.701796,-24.10660325
1135,6517.148608,-24.41864149
1135.5,6433.595421,-24.72670472
1136,6350.042234,-25.03079294
1136.5,6266.489047,-25.33090616
1137,6182.935859,-25.62704436
1137.5,6099.382672,-25.91920755
1138,6015.829485,-26.20739573
1138.5,5932.276297,-26.49160891
1139,5848.72311,-26.77184707
1139.5,5765.169923,-27.04811023
1140,5681.616736,-27.32039837
1140.5,5598.063548,-27.58871151
1141,5514.510361,-27.85304964
1141.5,5430.957174,-28.11341276
1142,5347.403986,-28.36980086
1142.5,5222.074205,-50.66487471
1143,5096.744425,-51.03305996
1143.5,4971.414644,-51.39230144
1144,4846.084863,-51.74259914
1144.5,4720.755082,-52.08395308
1145,4595.425301,-52.41636324
1145.5,4470.09552,-52.73982963
1146,4344.765739,-53.05435225
1146.5,4219.435958,-53.3599311
1147,4094.106177,-53.65656618
1147.5,3968.776396,-53.94425749
1148,3843.446615,-54.22300502
1148.5,3718.116834,-54.49280879
1149,3592.787053,-54.75366878
1149.5,3467.457272,-55.00558501
1150,3342.127491,-55.24855746
1150.5,3175.021117,-77.47655302
1151,3007.914742,-77.77070372
1151.5,2840.808368,-78.04895438
1152,2673.701993,-78.311305
1152.5,2506.595619,-78.55775558
1153,2339.489244,-78.78830613
1153.5,2172.382869,-79.00295664
1154,2005.276495,-79.20170711
1154.5,1838.17012,-79.38455755
1155,1671.063746,-79.55150794
1155.5,1503.957371,-79.7025583
1156,1336.850997,-79.83770862
1156.5,1169.744622,-79.9569589
1157,1002.638247,-80.06030915
1157.5,835.5318729,-80.14775936
1158,668.4254983,-80.21930953
1158.5,501.3191237,-80.27495966
1159,334.2127491,-80.31470975
1159.5,167.1063746,-80.33855981
1160,0,0
1160.5,0,0
1161,0,0
1161.5,0,0
1162,0,0
1162.5,0,0
1163,0,0
1163.5,0,0
1164,0,0
1164.5,0,0
1165,0,0
1165.5,0,0
1166,0,0
1166.5,0,0
1167,0,0
1167.5,0,0
1168,0,0
1168.5,0,0
1169,0,0
1169.5,0,0
1170,0,0
1170.5,0,0
1171,0,0
1171.5,0,0
1172,0,0
1172.5,0,0
1173,0,0
1173.5,0,0
1174,0,0
1174.5,0,0
1175,0,0
1175.5,0,0
1176,0,0
1176.5,0,0
1177,0,0
1177.5,0,0
1178,0,0
1178.5,0,0
1179,0,0
1179.5,0,0
1180,0,0